user_id,lat,lon,signup,prefs
u1,29.730035182042943,30.667852885778586,2026-02-20T13:35:24.997987,"vegetarian,vegan,dessert"
u2,29.906306183622323,30.435756663325684,2025-12-23T13:35:24.998015,"glutenfree,vegetarian,seafood"
u3,30.122422474859977,31.073494075526334,2025-05-16T13:35:24.998028,glutenfree
u4,29.939050855540625,30.733828849876794,2026-04-10T13:35:24.998037,"glutenfree,lowcal,vegetarian"
u5,29.80830061982159,30.586575399774137,2025-10-23T13:35:24.998046,lowcal
u6,29.855912760764806,30.830775256581553,2025-10-19T13:35:24.998053,vegetarian
u7,29.951309855606212,30.549791395423853,2025-10-02T13:35:24.998060,"seafood,vegan,dessert"
u8,29.75181393768851,31.15436775939333,2025-10-10T13:35:24.998067,glutenfree
u9,30.19351598228125,31.32768200894643,2026-03-04T13:35:24.998073,"halal,vegetarian,vegan"
u10,29.856151470047,30.944092362842124,2025-10-09T13:35:24.998080,vegetarian
u11,29.826324840273024,31.204210209253233,2025-04-19T13:35:24.998086,dessert
u12,30.27495215754042,30.596082992514315,2025-10-01T13:35:24.998093,"vegetarian,spicy,seafood"
u13,30.22153710118785,31.41142230422777,2026-03-16T13:35:24.998100,"glutenfree,halal"
u14,30.366054960925457,30.881397744426796,2026-03-11T13:35:24.998106,vegan
u15,29.655151852864968,30.999077511390734,2025-05-19T13:35:24.998112,dessert
u16,29.567556383430606,31.29398677850993,2025-07-12T13:35:24.998119,"spicy,seafood"
u17,29.834395732456333,31.596790933586995,2026-02-02T13:35:24.998125,"lowcal,glutenfree"
u18,29.456539650509683,30.53157895642079,2025-05-27T13:35:24.998132,"kidfriendly,vegetarian,lowcal"
u19,30.11569083687837,30.8617207740094,2025-06-12T13:35:24.998138,lowcal
u20,30.56529405313634,31.432935642681397,2026-04-08T13:35:24.998144,"glutenfree,seafood"
u21,30.16915415829577,30.53386260831505,2025-09-03T13:35:24.998157,"vegetarian,seafood,lowcal"
u22,29.403894379322075,31.26651047357189,2025-11-30T13:35:24.998163,kidfriendly
u23,30.150360232279702,31.41000321780696,2025-07-28T13:35:24.998169,"spicy,vegetarian,lowcal"
u24,30.315012960090183,31.04725483614355,2025-07-16T13:35:24.998176,"halal,spicy,kidfriendly"
u25,29.986326849634736,30.534241270385074,2025-10-10T13:35:24.998182,dessert
u26,29.68904591093668,31.08082833242669,2026-03-04T13:35:24.998188,"halal,vegan"
u27,30.379227904104106,31.5735813924128,2025-07-15T13:35:24.998195,kidfriendly
u28,30.19170098729684,31.53621841564599,2026-01-19T13:35:24.998200,spicy
u29,30.557235487208946,31.514696191602614,2025-04-25T13:35:24.998206,"glutenfree,lowcal"
u30,29.878790759996914,31.20602435156594,2025-10-04T13:35:24.998213,seafood
u31,29.545205035041917,30.669636804437868,2025-10-22T13:35:24.998219,"glutenfree,kidfriendly"
u32,29.676137679115893,30.664260861341873,2026-03-08T13:35:24.998227,glutenfree
u33,30.486504015607352,31.431562480304496,2026-03-08T13:35:24.998234,"vegan,halal,glutenfree"
u34,29.982497398980588,31.047080717673705,2025-06-25T13:35:24.998240,"halal,seafood,dessert"
u35,29.96756753153351,30.888471953783124,2026-02-24T13:35:24.998247,"kidfriendly,halal,lowcal"
u36,29.825157079907463,30.893322731259687,2026-03-17T13:35:24.998253,lowcal
u37,30.27385630612942,31.360711013034038,2026-02-17T13:35:24.998260,"vegetarian,vegan,halal"
u38,29.628250690128972,30.938336257399758,2025-09-09T13:35:24.998266,halal
u39,29.95515368208116,31.449383144884695,2026-03-06T13:35:24.998274,seafood
u40,29.46070599542986,31.59913896209527,2026-04-06T13:35:24.998280,"glutenfree,vegetarian"
u41,29.599573332724695,30.982769350540863,2025-12-25T13:35:24.998286,halal
u42,29.8547677427723,31.58237061253567,2025-11-29T13:35:24.998293,"vegan,spicy"
u43,30.235909804320194,31.27660638089856,2025-07-03T13:35:24.998299,"seafood,lowcal"
u44,29.75604939059348,31.56245123796299,2025-06-21T13:35:24.998305,"kidfriendly,spicy,vegetarian"
u45,29.776325771723677,30.460170804716743,2025-08-12T13:35:24.998312,"glutenfree,vegan,dessert"
u46,30.55293468392934,30.496133758288703,2026-01-08T13:35:24.998318,"glutenfree,spicy,vegan"
u47,30.210255064324908,30.68224467400112,2026-02-11T13:35:24.998327,vegetarian
u48,29.49838008659385,31.18884779736703,2025-06-28T13:35:24.998334,"halal,vegan,seafood"
u49,30.203671169723794,30.777020635354692,2025-11-29T13:35:24.998340,"dessert,seafood,vegetarian"
u50,29.948669487084544,31.514821998046617,2026-03-07T13:35:24.998347,"spicy,seafood"
u51,30.14539110659171,31.075592374766735,2026-02-21T13:35:24.998356,kidfriendly
u52,29.65578517472045,30.71824049770048,2025-10-17T13:35:24.998366,glutenfree
u53,29.84343250648666,30.589296198828677,2025-07-09T13:35:24.998377,halal
u54,30.380524962138555,30.759254502639973,2025-05-09T13:35:24.998389,"seafood,vegan,dessert"
u55,29.717359105784553,31.46765524840685,2025-07-04T13:35:24.998404,spicy
u56,29.738107525749474,30.652755585768332,2025-10-20T13:35:24.998415,seafood
u57,30.006490869717585,30.70134550248387,2026-03-18T13:35:24.998426,seafood
u58,30.395217707246662,30.45290411415886,2025-10-25T13:35:24.998437,lowcal
u59,29.593898371528663,30.93020261423302,2025-04-17T13:35:24.998448,seafood
u60,29.534248656707202,31.534061126855967,2025-04-25T13:35:24.998459,"glutenfree,vegan"
u61,29.443233765672996,30.84305918141463,2025-07-05T13:35:24.998471,glutenfree
u62,29.552934623138565,30.76991001991616,2026-03-24T13:35:24.998482,lowcal
u63,30.200320092762652,30.824414361537542,2025-07-01T13:35:24.998496,"halal,glutenfree"
u64,30.437526835463956,31.571447239517155,2026-01-13T13:35:24.998508,"spicy,halal"
u65,30.283877366106097,30.798622561535716,2025-09-15T13:35:24.998521,"vegan,spicy"
u66,30.344849410962567,30.52971475168355,2026-03-25T13:35:24.998535,"halal,seafood,vegetarian"
u67,30.379903926716313,30.95236388161473,2025-11-08T13:35:24.998547,"halal,glutenfree"
u68,29.428397321641743,30.63175574599325,2025-10-27T13:35:24.998556,halal
u69,29.821375354899303,31.011286810633646,2025-05-01T13:35:24.998563,"vegetarian,seafood"
u70,30.45244609389067,30.713458235668252,2025-06-20T13:35:24.998569,"dessert,vegan,kidfriendly"
u71,30.115885505985293,30.81482453401576,2025-11-04T13:35:24.998579,"vegan,vegetarian"
u72,29.862234520013672,31.09190565219592,2025-12-04T13:35:24.998586,"glutenfree,vegetarian"
u73,29.402029533862354,31.510690198598898,2025-07-12T13:35:24.998593,lowcal
u74,29.48396857335157,31.197085221893527,2025-10-26T13:35:24.998600,"halal,dessert,glutenfree"
u75,30.48005620211651,31.008547004842324,2025-05-07T13:35:24.998606,"dessert,vegetarian,glutenfree"
u76,30.23665009703328,31.065294973200153,2026-01-05T13:35:24.998614,"dessert,lowcal"
u77,30.138617899141657,30.761139849478678,2025-07-07T13:35:24.998621,"lowcal,spicy"
u78,29.744296460242712,30.9158657799878,2025-06-21T13:35:24.998629,seafood
u79,29.930591759165768,30.65644168118692,2025-08-14T13:35:24.998636,"dessert,kidfriendly,halal"
u80,30.01854241189826,31.159529026918953,2025-10-24T13:35:24.998642,"spicy,vegetarian,glutenfree"
u81,30.2073548046686,30.669568799196746,2026-01-02T13:35:24.998648,halal
u82,29.45545646171131,31.580723227338222,2025-06-05T13:35:24.998654,vegan
u83,29.897329213197263,31.155718456885257,2026-01-04T13:35:24.998660,kidfriendly
u84,29.692781327494128,31.18726961333414,2026-04-11T13:35:24.998666,"lowcal,kidfriendly,halal"
u85,29.662609364174784,31.364931827407773,2025-04-22T13:35:24.998673,lowcal
u86,29.699037935591967,31.41800361682199,2025-08-23T13:35:24.998679,"kidfriendly,vegan,seafood"
u87,30.201093279103624,31.585470943679738,2025-06-13T13:35:24.998685,kidfriendly
u88,30.396683003665697,31.057446340732994,2026-01-22T13:35:24.998691,"kidfriendly,lowcal"
u89,30.302132143800613,31.407835465410304,2025-11-23T13:35:24.998698,"kidfriendly,glutenfree,spicy"
u90,29.927847111917885,31.25625383513327,2025-12-14T13:35:24.998704,"kidfriendly,halal,spicy"
u91,30.47163219934838,30.4966931891892,2026-01-26T13:35:24.998710,"dessert,glutenfree"
u92,30.232739774758862,31.247702970033462,2026-03-12T13:35:24.998716,lowcal
u93,30.0511333686047,30.898929080923786,2025-12-29T13:35:24.998722,"lowcal,dessert"
u94,30.42807843876472,31.318713491341683,2025-10-01T13:35:24.998729,"lowcal,vegan"
u95,29.75833518284686,30.867983977676463,2025-09-11T13:35:24.998735,"vegan,dessert"
u96,29.663305961545724,30.923003171255964,2026-03-30T13:35:24.998742,"glutenfree,halal,kidfriendly"
u97,30.269017653152748,31.40860679567507,2026-02-07T13:35:24.998748,"dessert,lowcal"
u98,30.11027133075349,31.195599708203392,2026-03-02T13:35:24.998755,"glutenfree,vegan,halal"
u99,29.954038132861815,30.460341560186354,2025-10-01T13:35:24.998761,"lowcal,spicy,glutenfree"
u100,29.79221496585757,31.31347564947283,2025-10-01T13:35:24.998767,"halal,kidfriendly"
u101,30.401893097894547,30.964368203455656,2025-07-11T13:35:24.998773,"lowcal,seafood"
u102,29.669066598863697,30.482342044543323,2025-05-15T13:35:24.998779,dessert
u103,30.539534079259187,30.63923281883504,2026-04-03T13:35:24.998787,vegan
u104,29.968273273135352,30.53726733533117,2025-12-23T13:35:24.998794,"spicy,halal,vegetarian"
u105,29.601346972041362,31.128696992669116,2026-02-14T13:35:24.998800,"seafood,dessert"
u106,29.529718499589126,30.43081411059696,2025-11-05T13:35:24.998806,seafood
u107,29.63799573251006,31.110517433499822,2025-05-27T13:35:24.998812,"lowcal,glutenfree,dessert"
u108,30.236631602994926,30.7618992225852,2025-04-28T13:35:24.998818,vegetarian
u109,30.0392942943726,31.193825608824827,2026-03-09T13:35:24.998825,"vegetarian,vegan,spicy"
u110,29.904070489010195,30.98824204598849,2025-09-04T13:35:24.998832,"dessert,vegan,lowcal"
u111,29.922584574009214,31.28055436481607,2025-05-15T13:35:24.998839,"kidfriendly,spicy"
u112,29.95784852596141,31.390881518104905,2025-06-14T13:35:24.998847,"glutenfree,kidfriendly"
u113,30.396877222668724,30.50399547766681,2025-08-26T13:35:24.998854,"dessert,halal"
u114,30.083819573613987,31.20182616453459,2025-10-23T13:35:24.998860,kidfriendly
u115,30.421143403574952,30.61820782858923,2025-12-26T13:35:24.998866,kidfriendly
u116,29.735590185645105,31.115386009524915,2025-11-23T13:35:24.998872,"seafood,dessert"
u117,29.689627260447217,30.88771374960462,2025-07-03T13:35:24.998879,"vegan,halal,glutenfree"
u118,30.175083479689143,30.988985602094303,2026-04-05T13:35:24.998884,kidfriendly
u119,29.665915680567036,31.230144586354243,2025-11-08T13:35:24.998892,seafood
u120,30.03710631737492,30.910604575246257,2025-07-06T13:35:24.998900,"dessert,kidfriendly,seafood"
u121,29.725099712371435,30.70168441144113,2026-02-11T13:35:24.998907,"dessert,kidfriendly"
u122,30.291457276366923,31.54105307247212,2025-04-25T13:35:24.998914,"halal,dessert,vegan"
u123,29.659661567854325,30.98103830465525,2025-06-16T13:35:24.998920,halal
u124,29.632941093709288,30.672979796179067,2026-01-12T13:35:24.998927,"seafood,vegetarian,lowcal"
u125,29.729173592139922,31.569153917323284,2025-07-04T13:35:24.998933,"vegan,spicy"
u126,29.523105176145314,30.41471848405061,2025-11-19T13:35:24.998940,"spicy,kidfriendly"
u127,29.80884711907235,31.558597171765953,2025-12-05T13:35:24.998946,"kidfriendly,glutenfree"
u128,29.880848930702328,30.48889860430677,2025-05-26T13:35:24.998952,"vegetarian,glutenfree"
u129,30.373370491530057,31.538950770829636,2026-03-01T13:35:24.998958,"vegan,spicy,vegetarian"
u130,30.069687641541154,30.899408825692394,2025-06-12T13:35:24.998965,vegetarian
u131,30.490205253148563,30.756823759020865,2025-06-16T13:35:24.998971,"halal,lowcal,glutenfree"
u132,30.131557094694156,31.288107166581455,2025-12-28T13:35:24.998977,"seafood,vegan"
u133,29.49742495856038,30.68783821320963,2025-07-05T13:35:24.998984,"halal,seafood,dessert"
u134,29.403210867123462,30.940604445541243,2025-06-13T13:35:24.998989,spicy
u135,29.677771481467232,31.24834699585484,2025-04-19T13:35:24.999001,"seafood,vegan"
u136,30.508693253379057,31.345393631976076,2025-05-28T13:35:24.999007,"vegetarian,halal"
u137,30.053474854452695,31.177161668082977,2025-11-28T13:35:24.999014,"halal,lowcal,vegan"
u138,29.471565647416618,31.351154279478894,2025-06-13T13:35:24.999019,vegetarian
u139,29.962437564331395,30.76490942865372,2025-09-19T13:35:24.999025,"seafood,kidfriendly,vegan"
u140,29.925310636285918,31.117643994449324,2025-09-04T13:35:24.999032,"glutenfree,kidfriendly"
u141,29.50959226395718,31.554293322631406,2025-06-23T13:35:24.999038,"dessert,seafood,vegan"
u142,29.44827800777354,31.30752259649507,2025-08-16T13:35:24.999044,"vegan,seafood,kidfriendly"
u143,30.596334569919076,30.923061984492403,2025-08-05T13:35:24.999051,"kidfriendly,seafood,vegetarian"
u144,29.81755326755358,30.79997007239811,2025-05-05T13:35:24.999057,kidfriendly
u145,29.795764396294757,31.23240840878012,2025-11-17T13:35:24.999063,spicy
u146,29.505671751330947,30.70287862113065,2026-02-13T13:35:24.999069,"lowcal,vegan,halal"
u147,30.189192463779754,31.051112313228636,2025-09-14T13:35:24.999078,"glutenfree,vegan"
u148,30.022127270952875,31.147160647122053,2025-08-01T13:35:24.999089,halal
u149,29.720467485927518,30.557215874740535,2025-11-17T13:35:24.999100,"kidfriendly,vegan,vegetarian"
u150,29.434643330929998,31.15602673240487,2025-12-12T13:35:24.999107,"kidfriendly,vegetarian"
u151,29.416409357359274,30.889588824747882,2025-12-19T13:35:24.999114,"spicy,seafood,kidfriendly"
u152,30.536472890831227,31.17725162654051,2026-01-25T13:35:24.999120,kidfriendly
u153,29.898588411522425,30.978999492349427,2025-08-15T13:35:24.999128,"seafood,glutenfree"
u154,30.061518092256563,30.86030321589658,2025-06-11T13:35:24.999135,kidfriendly
u155,30.327210159212406,31.425294855966648,2025-10-21T13:35:24.999141,"spicy,vegetarian,glutenfree"
u156,30.27126117913624,31.404971107127707,2025-06-21T13:35:24.999148,"seafood,vegan,spicy"
u157,30.04629669324465,30.814148730031608,2025-07-05T13:35:24.999154,"kidfriendly,spicy,halal"
u158,30.44352201988088,31.57692955759911,2025-12-12T13:35:24.999161,"lowcal,kidfriendly,spicy"
u159,30.330653370119112,30.452376758916763,2025-08-14T13:35:24.999167,"lowcal,halal,glutenfree"
u160,30.350872392839918,31.182422801680726,2026-01-26T13:35:24.999174,"lowcal,glutenfree,dessert"
u161,30.00274938015956,31.10821651517148,2026-02-21T13:35:24.999185,"vegan,spicy"
u162,29.41841711749831,30.572986499160336,2025-05-13T13:35:24.999193,"vegetarian,kidfriendly"
u163,29.96338872118168,31.563044356689062,2025-10-22T13:35:24.999199,vegetarian
u164,29.794278706780148,31.209228994184812,2025-07-14T13:35:24.999206,"lowcal,vegetarian,glutenfree"
u165,30.446859620878243,30.443078919805224,2026-03-09T13:35:24.999212,"dessert,kidfriendly"
u166,30.59691110754746,31.29611964008551,2025-09-03T13:35:24.999220,seafood
u167,29.932414261994047,31.23280139535188,2026-03-30T13:35:24.999226,vegetarian
u168,30.355372158194655,30.75204133115825,2025-10-04T13:35:24.999232,dessert
u169,30.037399581778512,31.079113674299123,2026-01-11T13:35:24.999238,"spicy,halal"
u170,29.494762020791995,31.445007518373824,2025-05-31T13:35:24.999244,spicy
u171,29.571741264154213,30.953379896025996,2025-12-04T13:35:24.999251,"halal,kidfriendly,seafood"
u172,30.478690238040386,30.958303906630363,2025-11-17T13:35:24.999257,"seafood,vegan"
u173,29.93007574032458,30.814678749331698,2025-06-17T13:35:24.999263,"glutenfree,spicy,vegan"
u174,29.948202975201344,30.762546004645976,2025-09-29T13:35:24.999271,"lowcal,seafood"
u175,29.857637157189156,30.830750989092696,2025-11-13T13:35:24.999294,"vegetarian,halal"
u176,30.189875779114416,30.729376456213874,2025-06-28T13:35:24.999301,"seafood,vegan,lowcal"
u177,30.48498634907247,30.743432981751035,2025-12-17T13:35:24.999308,"vegan,kidfriendly,lowcal"
u178,29.628158387132505,30.70075216005234,2025-05-11T13:35:24.999315,"dessert,halal,glutenfree"
u179,30.17560873066863,30.770719460743162,2025-08-31T13:35:24.999322,"spicy,vegetarian,dessert"
u180,30.278831721527087,30.508160050895462,2025-11-13T13:35:24.999327,dessert
u181,29.640953753580092,31.343815373236605,2025-10-08T13:35:24.999333,"lowcal,spicy"
u182,29.597453304442496,31.496858744245973,2025-08-10T13:35:24.999341,"glutenfree,seafood,lowcal"
u183,29.961997666623233,30.49035923308811,2025-12-19T13:35:24.999350,"dessert,vegetarian"
u184,30.348818362306726,30.41670238612108,2025-07-13T13:35:24.999357,"lowcal,dessert,vegan"
u185,29.842302790339247,31.29881392424411,2025-11-30T13:35:24.999363,kidfriendly
u186,30.209803866450386,30.965772241577728,2025-05-31T13:35:24.999369,"lowcal,dessert,vegan"
u187,29.475860449392236,31.388626421668537,2025-04-20T13:35:24.999376,"dessert,halal,glutenfree"
u188,29.567732415008667,31.535513839458336,2025-11-09T13:35:24.999382,"lowcal,vegetarian"
u189,29.681760038917595,31.045055927059032,2025-09-27T13:35:24.999389,"vegetarian,glutenfree"
u190,30.10480841465833,31.27191898066869,2025-09-13T13:35:24.999395,"dessert,lowcal"
u191,29.88973906283724,31.54182583045727,2026-03-28T13:35:24.999401,"vegetarian,kidfriendly,seafood"
u192,29.9336350317349,30.683335165877196,2025-10-10T13:35:24.999407,"dessert,halal,kidfriendly"
u193,30.053359033778573,31.573411035342456,2025-10-12T13:35:24.999413,dessert
u194,29.731057729033903,31.561848251123664,2025-08-24T13:35:24.999419,lowcal
u195,30.17004536067986,31.116575151423454,2026-04-03T13:35:24.999425,halal
u196,29.69228267659683,30.55110866236965,2025-06-28T13:35:24.999431,dessert
u197,30.39578140466056,31.065049346153355,2025-06-17T13:35:24.999439,vegetarian
u198,29.794271464118676,30.577065015929733,2025-06-12T13:35:24.999447,halal
u199,30.430087351656212,30.57362557638461,2026-02-06T13:35:24.999453,seafood
u200,30.193269171116782,30.430936179743437,2026-04-06T13:35:24.999459,"seafood,spicy,vegan"
u201,29.418937300213393,30.718441009989967,2026-02-08T13:35:24.999466,"halal,dessert"
u202,29.476269645776565,30.93793025712386,2025-10-10T13:35:24.999476,"lowcal,vegetarian,dessert"
u203,29.66585970770194,31.138128203541324,2025-05-11T13:35:24.999482,"vegetarian,kidfriendly,seafood"
u204,30.556831419746434,30.472990488993407,2025-08-11T13:35:24.999489,"seafood,kidfriendly,dessert"
u205,29.98832262497307,31.491640994938276,2026-03-07T13:35:24.999495,"lowcal,vegetarian"
u206,30.12995690836013,30.478818679984137,2025-11-24T13:35:24.999501,dessert
u207,30.59355330703311,31.03666820491759,2025-08-24T13:35:24.999507,"glutenfree,dessert,halal"
u208,30.242135302255278,31.42335128475469,2025-05-15T13:35:24.999514,"lowcal,vegetarian,glutenfree"
u209,30.465709226386192,30.896576285412298,2025-08-24T13:35:24.999520,"halal,lowcal,glutenfree"
u210,29.77505801999656,30.77502828537024,2025-12-04T13:35:24.999526,"lowcal,vegetarian"
u211,29.480559969763977,31.398126266169825,2026-02-25T13:35:24.999532,"spicy,kidfriendly"
u212,30.37412314233287,31.06764488273842,2025-06-17T13:35:24.999538,"vegetarian,dessert"
u213,29.54667754242547,30.82431769556052,2025-05-08T13:35:24.999545,"glutenfree,dessert,kidfriendly"
u214,30.120492109469613,30.82197542283178,2025-06-22T13:35:24.999551,"vegan,seafood"
u215,29.978627275445266,31.416729817761944,2025-10-16T13:35:24.999557,"halal,spicy,dessert"
u216,29.734281854994,30.671390913193417,2025-09-06T13:35:24.999563,"dessert,vegetarian,lowcal"
u217,30.514901149193925,31.395352947951597,2025-11-28T13:35:24.999570,"glutenfree,vegan,seafood"
u218,29.72792446645527,31.314891421577197,2025-10-22T13:35:24.999575,spicy
u219,30.443835247843726,31.07958531371365,2025-09-20T13:35:24.999581,"vegan,spicy"
u220,30.289162870942103,31.566172382509624,2026-02-26T13:35:24.999589,spicy
u221,29.903798992517405,30.809075178123198,2025-10-06T13:35:24.999596,"glutenfree,halal,kidfriendly"
u222,30.46001062142201,30.586695884085387,2025-06-01T13:35:24.999603,"dessert,vegetarian"
u223,29.726523412255464,31.194326431369912,2025-08-08T13:35:24.999609,vegetarian
u224,29.658682758405295,31.014815566961325,2025-10-19T13:35:24.999615,"kidfriendly,lowcal,spicy"
u225,30.213861471520243,31.111761100470716,2025-07-18T13:35:24.999622,"vegetarian,seafood"
u226,29.874316075305156,31.11918994833334,2026-04-10T13:35:24.999628,"seafood,vegan,vegetarian"
u227,30.53438890467197,31.320819432770325,2025-12-04T13:35:24.999634,seafood
u228,29.409275887883176,31.29641694811572,2026-01-14T13:35:24.999640,"dessert,vegetarian"
u229,30.03909881744091,30.676132859291993,2025-07-01T13:35:24.999645,lowcal
u230,30.434117234427106,30.45076271387535,2026-04-04T13:35:24.999654,"dessert,vegetarian,halal"
u231,30.090910992884197,31.088079617063013,2025-04-15T13:35:24.999660,"vegetarian,dessert"
u232,29.886038768477945,31.55943962923975,2026-01-16T13:35:24.999666,"lowcal,seafood,vegan"
u233,29.924054135481875,30.527035760074703,2025-09-02T13:35:24.999673,"kidfriendly,dessert,vegan"
u234,30.444629299434492,31.294965791757523,2025-12-21T13:35:24.999681,"lowcal,vegetarian,halal"
u235,30.01257994145058,30.536831967806265,2025-07-26T13:35:24.999687,"spicy,vegetarian"
u236,29.821319681948832,31.54986801879658,2025-05-18T13:35:24.999693,dessert
u237,29.523365433333314,30.707161866402075,2026-01-15T13:35:24.999698,halal
u238,30.5415505686955,31.15353852654204,2025-08-19T13:35:24.999705,"spicy,vegetarian,kidfriendly"
u239,30.565167677049793,30.779366673388697,2025-08-31T13:35:24.999713,"kidfriendly,dessert,lowcal"
u240,29.93064967660354,30.763384522166817,2025-11-24T13:35:24.999719,kidfriendly
u241,29.489028787407946,30.954090983735746,2026-03-25T13:35:24.999725,"vegan,dessert,seafood"
u242,30.398035957995745,30.492077201408147,2026-02-26T13:35:24.999733,dessert
u243,30.09639528889343,31.545077772067348,2026-03-23T13:35:24.999740,"glutenfree,lowcal,halal"
u244,30.126007000884076,31.001640762247394,2026-03-13T13:35:24.999747,"halal,dessert"
u245,30.578862697312076,30.501194958429476,2025-05-18T13:35:24.999753,"vegetarian,dessert"
u246,29.69729246831794,30.92530992917108,2025-09-01T13:35:24.999759,vegan
u247,29.847422378521593,30.7394722943373,2025-09-16T13:35:24.999765,"glutenfree,spicy,kidfriendly"
u248,29.47909422513566,30.513407137018113,2025-05-01T13:35:24.999775,"vegan,dessert"
u249,30.268480386002953,31.187876903692572,2025-06-09T13:35:24.999781,"seafood,glutenfree"
u250,29.49780238493746,31.19633452720727,2025-10-16T13:35:24.999788,dessert
u251,30.11404947378189,31.52560263947891,2025-11-06T13:35:24.999794,"lowcal,spicy"
u252,29.553352516920416,31.243397046586505,2025-04-28T13:35:24.999801,"lowcal,dessert,glutenfree"
u253,29.83419371561614,30.835117202778452,2026-01-11T13:35:24.999808,"vegetarian,lowcal,seafood"
u254,30.537201921041216,30.983525105047274,2025-12-19T13:35:24.999813,dessert
u255,29.49259810116105,31.41331406642306,2026-02-21T13:35:24.999819,spicy
u256,29.804117246357137,31.319569125336688,2026-02-05T13:35:24.999825,"glutenfree,vegan,dessert"
u257,29.617015160602435,31.23141476903347,2025-05-29T13:35:24.999832,"lowcal,spicy,vegetarian"
u258,29.452430913545417,30.837159296956923,2025-12-13T13:35:24.999838,kidfriendly
u259,29.68080353320251,30.687002196694625,2025-08-16T13:35:24.999845,"seafood,kidfriendly"
u260,30.213968190078113,31.08450327203667,2025-08-31T13:35:24.999851,dessert
u261,30.003488029785096,30.902392992075693,2026-01-21T13:35:24.999857,"seafood,lowcal"
u262,30.447602304071218,30.462615763913206,2025-08-10T13:35:24.999865,spicy
u263,30.2536811725428,31.019091265062983,2026-02-09T13:35:24.999871,"glutenfree,vegetarian"
u264,29.727349559509626,31.48636745077389,2026-01-28T13:35:24.999877,"vegetarian,spicy"
u265,30.3800439070266,31.461555728461608,2026-03-31T13:35:24.999883,"vegetarian,halal"
u266,30.002408537631883,30.68293368863612,2026-03-03T13:35:24.999889,"vegan,lowcal"
u267,29.782421850539677,30.518899749271657,2025-04-13T13:35:24.999895,"halal,vegan"
u268,29.445963829340453,31.5008754059353,2025-08-15T13:35:24.999901,"dessert,spicy,vegetarian"
u269,30.138417908596256,31.487028986923924,2026-04-04T13:35:24.999907,"spicy,kidfriendly,halal"
u270,30.058565094532604,31.272681742389917,2025-07-17T13:35:24.999914,"halal,spicy"
u271,29.685168271969122,30.54621801419034,2025-12-12T13:35:24.999920,"vegetarian,seafood"
u272,29.53302947434802,31.486176262794398,2025-06-12T13:35:24.999927,"kidfriendly,vegetarian"
u273,29.57229220829551,30.915086671724,2025-06-03T13:35:24.999933,"vegan,halal,dessert"
u274,29.624776694158058,31.20185788350356,2025-07-19T13:35:24.999939,"halal,lowcal"
u275,29.868544479072078,30.964162093790183,2025-05-23T13:35:24.999945,"vegetarian,vegan"
u276,30.296779909875173,30.82851265181768,2026-03-10T13:35:24.999952,"dessert,seafood"
u277,30.32580164893183,31.282224381774775,2025-10-25T13:35:24.999958,"halal,vegetarian"
u278,29.822758855337028,30.806256709815642,2025-05-19T13:35:24.999964,vegan
u279,30.57698302294662,30.97423740594151,2026-01-10T13:35:24.999969,kidfriendly
u280,30.259254069115432,31.532326180854554,2026-03-26T13:35:24.999975,vegetarian
u281,30.349331055874853,31.462948462741725,2025-11-03T13:35:24.999981,"halal,vegan"
u282,30.586947242755347,31.051636837185022,2025-12-05T13:35:24.999989,"glutenfree,lowcal"
u283,29.74333307466186,31.4345662365631,2026-03-20T13:35:24.999995,halal
u284,30.35921089382189,30.924341659749924,2025-09-21T13:35:25.000003,"dessert,seafood,vegan"
u285,30.56846830117837,30.995443871844426,2025-08-02T13:35:25.000013,"kidfriendly,lowcal,spicy"
u286,30.361377704882127,31.272497589211163,2026-03-04T13:35:25.000024,"glutenfree,seafood"
u287,29.785453713857514,30.496082693289996,2025-05-10T13:35:25.000035,"spicy,seafood"
u288,30.12314595327672,30.911339287459654,2025-04-25T13:35:25.000046,"seafood,kidfriendly"
u289,29.450826195420156,31.44404461006767,2025-10-15T13:35:25.000058,"dessert,kidfriendly"
u290,30.576032735033134,31.537485254323702,2026-03-06T13:35:25.000071,"lowcal,seafood,dessert"
u291,30.361315170674605,31.215292729377627,2026-03-29T13:35:25.000082,"lowcal,dessert,seafood"
u292,29.44175875895825,30.48068003567453,2025-05-18T13:35:25.000094,kidfriendly
u293,30.539360534255902,30.4388623887756,2026-01-25T13:35:25.000109,"dessert,lowcal"
u294,29.932727147010723,30.49226251459648,2026-02-02T13:35:25.000122,"kidfriendly,dessert,spicy"
u295,30.17947288404724,30.699533983712076,2026-02-14T13:35:25.000135,"dessert,lowcal,spicy"
u296,29.99885275230776,30.864384856047117,2025-06-30T13:35:25.000145,spicy
u297,30.329957380237786,31.24484537344819,2025-12-25T13:35:25.000156,seafood
u298,29.547164906284767,31.423391548461186,2025-08-25T13:35:25.000169,"seafood,kidfriendly,vegetarian"
u299,30.59671488482765,31.372615862029157,2025-11-01T13:35:25.000181,kidfriendly
u300,30.050605633470674,31.469598018824666,2026-01-23T13:35:25.000193,"dessert,vegetarian,seafood"
u301,29.669089938295148,31.582159056076232,2026-02-01T13:35:25.000205,"spicy,dessert,seafood"
u302,29.43154083216992,31.064825724711515,2025-10-07T13:35:25.000217,kidfriendly
u303,30.134338035144626,30.503458577982318,2025-11-06T13:35:25.000230,"glutenfree,spicy"
u304,30.32299746044964,31.38800727941007,2026-03-07T13:35:25.000242,"kidfriendly,lowcal"
u305,30.170806307263657,30.939969394795597,2025-04-30T13:35:25.000258,dessert
u306,30.33631551460597,31.167752715239995,2026-01-10T13:35:25.000270,"dessert,spicy,lowcal"
u307,30.003436543739248,31.441853952903266,2026-02-09T13:35:25.000282,lowcal
u308,29.59436035146708,31.52168540396689,2025-12-19T13:35:25.000294,"spicy,seafood,vegetarian"
u309,30.41512044738704,30.700726370778398,2025-05-23T13:35:25.000305,"glutenfree,seafood"
u310,29.763389527330652,31.040173635722056,2025-07-30T13:35:25.000324,"seafood,spicy,dessert"
u311,30.190479448060504,31.26475932212473,2025-06-08T13:35:25.000337,"spicy,glutenfree,vegetarian"
u312,29.497467425872046,31.53825622476447,2025-06-22T13:35:25.000349,"vegan,glutenfree"
u313,30.14173011158995,30.436343078297718,2025-05-27T13:35:25.000361,"halal,lowcal"
u314,29.693853492778732,31.368819177314556,2025-09-18T13:35:25.000373,"seafood,glutenfree,halal"
u315,30.22633628600758,30.58969653641825,2025-09-13T13:35:25.000385,"kidfriendly,vegetarian"
u316,29.808231082022132,30.57240242939516,2025-11-01T13:35:25.000397,"kidfriendly,halal"
u317,30.31279799375421,31.017976160898666,2026-02-18T13:35:25.000410,"dessert,lowcal,vegetarian"
u318,29.547026290900753,30.9395152143948,2026-01-31T13:35:25.000421,"halal,kidfriendly"
u319,29.74825440596388,30.860979800201928,2025-06-02T13:35:25.000432,vegan
u320,30.37617341572734,31.520501842299286,2025-11-04T13:35:25.000441,"halal,spicy"
u321,29.99791865047189,31.01766980707778,2025-08-01T13:35:25.000447,spicy
u322,29.50805891405254,30.871890620935957,2025-08-22T13:35:25.000454,"kidfriendly,vegan"
u323,30.10001293438281,30.458389759515587,2025-11-20T13:35:25.000467,halal
u324,30.044028899146713,31.416606838472163,2025-09-05T13:35:25.000479,"kidfriendly,seafood"
u325,30.273009676031272,31.316628116994387,2025-10-08T13:35:25.000494,seafood
u326,29.46138922485961,31.074180238199133,2025-10-10T13:35:25.000506,lowcal
u327,30.005106634947847,31.317284937648687,2025-11-21T13:35:25.000517,"seafood,vegetarian,halal"
u328,29.872684455274328,31.353876674057133,2025-10-22T13:35:25.000535,"vegetarian,spicy,vegan"
u329,30.122955541394255,30.881664501131276,2026-03-24T13:35:25.000548,"dessert,spicy,vegetarian"
u330,29.564443648281024,30.79964884642332,2025-08-14T13:35:25.000559,vegan
u331,30.471758030493607,30.567737182926827,2025-06-04T13:35:25.000572,"kidfriendly,spicy,seafood"
u332,30.58873888507337,31.287183232688324,2025-11-11T13:35:25.000584,"spicy,lowcal"
u333,30.075509112773453,30.96987111999764,2026-04-05T13:35:25.000595,"dessert,kidfriendly,glutenfree"
u334,30.575877637414994,31.100442570218544,2025-04-26T13:35:25.000607,"dessert,vegetarian"
u335,30.56048483540646,31.339484789717705,2025-06-21T13:35:25.000621,"vegan,kidfriendly,spicy"
u336,29.976538540457298,31.02907879914962,2025-05-31T13:35:25.000634,"halal,vegan,seafood"
u337,29.437884616010518,31.53784620494116,2026-02-16T13:35:25.000646,"spicy,halal"
u338,29.92924627942168,30.90253635780303,2025-09-14T13:35:25.000658,vegan
u339,30.32996676216851,31.50462513987665,2026-03-13T13:35:25.000669,"halal,lowcal,seafood"
u340,29.790059441311264,31.19467215965722,2025-07-18T13:35:25.000676,"spicy,halal,seafood"
u341,29.951596238423505,31.039752477487866,2025-07-08T13:35:25.000682,"dessert,spicy"
u342,29.630717002964055,30.695822962632832,2025-07-02T13:35:25.000688,"seafood,kidfriendly"
u343,30.32540912290517,31.2458811242039,2025-04-25T13:35:25.000694,"halal,seafood"
u344,29.818563809041567,31.520440449724962,2025-11-24T13:35:25.000701,"kidfriendly,dessert,halal"
u345,30.47491255384827,30.873438946769035,2025-10-19T13:35:25.000707,"vegetarian,lowcal"
u346,29.45047978419927,31.54637646121509,2026-03-04T13:35:25.000714,seafood
u347,30.296806199661606,30.656784169692408,2025-07-12T13:35:25.000725,"kidfriendly,seafood"
u348,29.56472754576111,31.13881244129739,2025-06-17T13:35:25.000736,"glutenfree,seafood"
u349,29.460918515948958,31.486221029141916,2025-12-19T13:35:25.000748,halal
u350,29.89596163925791,31.260829667500293,2026-02-21T13:35:25.000760,"halal,vegan,kidfriendly"
u351,30.573492854199703,30.58952929145313,2025-05-14T13:35:25.000769,"spicy,vegan,seafood"
u352,30.307093271290487,30.744694045077274,2025-11-18T13:35:25.000781,"kidfriendly,halal"
u353,30.088960023810447,31.042182732272327,2026-03-25T13:35:25.000794,"vegan,vegetarian,dessert"
u354,30.4586939677978,30.610946449046637,2026-03-26T13:35:25.000808,lowcal
u355,30.523930493733314,31.554557656100013,2025-11-16T13:35:25.000820,"kidfriendly,spicy"
u356,29.758070652794498,31.123339558607046,2025-10-24T13:35:25.000831,vegan
u357,30.4671119565239,30.561039935210882,2025-07-29T13:35:25.000848,"kidfriendly,glutenfree"
u358,30.370576653891625,30.796820916198143,2025-08-22T13:35:25.000860,"seafood,halal"
u359,30.28394147459071,31.348921197310307,2025-06-27T13:35:25.000872,"seafood,spicy,vegan"
u360,30.42737580512815,31.47645131414077,2025-09-07T13:35:25.000883,"halal,spicy,seafood"
u361,30.203107024091945,30.62173744125681,2026-02-01T13:35:25.000890,"dessert,vegetarian,halal"
u362,29.408196144647466,30.860289268811236,2025-08-28T13:35:25.000900,"dessert,halal"
u363,30.09895290186598,31.08745281706544,2025-12-01T13:35:25.000918,"dessert,seafood"
u364,30.201343337758406,30.958473989130315,2026-01-22T13:35:25.000931,"dessert,halal,vegan"
u365,30.228348452902576,31.16645359023926,2025-11-13T13:35:25.000944,"glutenfree,seafood"
u366,30.548832644226273,30.97381827968227,2025-08-24T13:35:25.000955,"halal,glutenfree"
u367,30.05908141058204,30.964993692255174,2025-07-12T13:35:25.000967,"dessert,lowcal,glutenfree"
u368,30.305687459669837,31.44776207018528,2026-03-03T13:35:25.000976,"halal,glutenfree,dessert"
u369,30.50069364813717,30.534650549844724,2025-07-07T13:35:25.000986,"kidfriendly,dessert,vegan"
u370,29.793741165290648,31.024409849421744,2026-02-13T13:35:25.000993,"halal,spicy,vegetarian"
u371,30.478667222056167,30.934579230624664,2026-03-16T13:35:25.000999,"halal,kidfriendly,vegan"
u372,29.948158170854253,30.46928413711903,2025-08-20T13:35:25.001005,"spicy,lowcal"
u373,29.705348662881136,30.403618565909305,2025-12-23T13:35:25.001011,"seafood,vegan,halal"
u374,29.81343463987456,30.4765118945345,2026-03-14T13:35:25.001025,"vegetarian,vegan,halal"
u375,29.438081845227696,30.8906403229831,2026-02-03T13:35:25.001037,kidfriendly
u376,29.938244559195223,31.500538092018072,2025-10-02T13:35:25.001050,"lowcal,dessert,halal"
u377,30.184240918102443,30.81732386456698,2026-01-12T13:35:25.001062,"vegetarian,spicy"
u378,30.5744692524316,31.401785934002458,2026-04-02T13:35:25.001074,"lowcal,spicy,dessert"
u379,30.03832033019611,31.388032524850942,2025-12-08T13:35:25.001086,"kidfriendly,lowcal"
u380,29.730779673354153,31.52489243336208,2026-02-15T13:35:25.001097,"dessert,spicy"
u381,30.137907848650695,31.523485516462536,2026-04-05T13:35:25.001103,lowcal
u382,29.480749083467394,31.112732976975227,2025-08-28T13:35:25.001109,halal
u383,29.453084076067196,30.926755373784953,2025-07-11T13:35:25.001115,"vegan,halal,dessert"
u384,29.568162690137886,31.59218012949166,2025-12-15T13:35:25.001121,vegan
u385,29.762117322173044,30.571912520995994,2025-05-10T13:35:25.001128,"dessert,glutenfree,vegetarian"
u386,29.730184704610327,31.068061741726282,2025-06-15T13:35:25.001134,"halal,lowcal,spicy"
u387,29.994744944991623,31.566748282412423,2025-05-19T13:35:25.001140,"spicy,lowcal,seafood"
u388,29.899589560105735,30.579061129390197,2025-10-03T13:35:25.001147,"lowcal,dessert,kidfriendly"
u389,29.968222584494665,31.419209118712047,2025-11-11T13:35:25.001156,glutenfree
u390,30.07486313950429,31.561343426255952,2025-07-02T13:35:25.001163,"spicy,kidfriendly,vegan"
u391,29.705994774729042,30.796315592348925,2026-03-04T13:35:25.001173,"spicy,lowcal,vegetarian"
u392,30.04276264361666,31.39528754225804,2026-03-18T13:35:25.001179,"dessert,vegetarian"
u393,30.448344550187446,30.625795952719308,2025-06-17T13:35:25.001186,"lowcal,vegan"
u394,29.6506669062627,31.488439393040217,2025-11-09T13:35:25.001192,"glutenfree,halal,kidfriendly"
u395,30.524591715842696,31.55449306733735,2026-02-12T13:35:25.001198,halal
u396,30.125281840894537,30.64541577157347,2025-12-12T13:35:25.001205,"kidfriendly,halal,dessert"
u397,29.959500553014728,31.178465607994134,2025-11-07T13:35:25.001211,"dessert,seafood,halal"
u398,29.95920488028474,31.363379946184025,2025-08-16T13:35:25.001217,"dessert,kidfriendly"
u399,29.77550642264423,30.454858537577312,2025-12-21T13:35:25.001223,"halal,dessert"
u400,30.06397387625061,31.1008382789416,2025-09-12T13:35:25.001229,"spicy,vegan,glutenfree"
u401,29.795838343173433,30.855807729689385,2025-12-09T13:35:25.001238,"spicy,halal"
u402,29.70879210916186,31.385910327630828,2025-05-20T13:35:25.001246,"glutenfree,dessert"
u403,30.27932668443002,30.82261140199839,2026-02-01T13:35:25.001253,"kidfriendly,glutenfree,vegetarian"
u404,30.50027926763324,31.050564226421628,2025-05-20T13:35:25.001259,"glutenfree,kidfriendly,vegetarian"
u405,29.440588508597628,31.41603685981927,2025-05-06T13:35:25.001265,glutenfree
u406,29.89487066689871,31.41105366019042,2025-12-16T13:35:25.001271,vegan
u407,29.410969754028795,31.006879503631676,2025-10-04T13:35:25.001277,spicy
u408,30.191141210387837,30.418878120243065,2025-07-15T13:35:25.001283,kidfriendly
u409,30.03530117620998,30.729688884637397,2025-11-18T13:35:25.001303,"lowcal,vegan,kidfriendly"
u410,30.375788665096692,31.208839542543053,2026-01-12T13:35:25.001309,glutenfree
u411,30.02926248147098,30.68916259877621,2025-05-31T13:35:25.001315,vegetarian
u412,30.35392359850016,30.494823092577324,2025-09-18T13:35:25.001324,"seafood,dessert,spicy"
u413,29.759969568407907,31.393674494456057,2026-03-03T13:35:25.001330,"halal,glutenfree"
u414,29.85511682668778,31.063241727435635,2026-03-16T13:35:25.001337,"vegan,vegetarian,halal"
u415,29.99983007173535,30.920691582365993,2025-10-26T13:35:25.001343,"vegan,spicy,glutenfree"
u416,29.653700467061455,31.441740268697927,2025-06-27T13:35:25.002066,"vegetarian,vegan,glutenfree"
u417,30.50899111993028,31.22131449215637,2025-11-21T13:35:25.002122,"seafood,vegan"
u418,29.777381631871982,31.553763027851208,2025-06-17T13:35:25.002175,"vegan,spicy,lowcal"
u419,30.514649928303996,30.759132267497034,2025-06-29T13:35:25.002194,lowcal
u420,30.21244195905202,31.048674917206732,2025-09-29T13:35:25.002217,lowcal
u421,30.29454787350586,30.815031397822764,2026-02-22T13:35:25.002232,"spicy,vegetarian,seafood"
u422,29.808711295770127,31.32280678403853,2025-06-13T13:35:25.002245,"halal,vegetarian"
u423,30.160947536885683,31.340257766776556,2025-08-26T13:35:25.002258,"dessert,vegan"
u424,30.06364526994058,30.850512395189835,2026-01-08T13:35:25.002269,"halal,dessert"
u425,30.142339068311866,31.357666208563295,2025-04-13T13:35:25.002280,"lowcal,vegetarian,glutenfree"
u426,29.721566437073538,30.85599999170015,2025-05-24T13:35:25.002290,vegetarian
u427,29.780013874417843,30.527861101253514,2026-04-11T13:35:25.002300,lowcal
u428,30.313615789441165,30.522677696935894,2026-02-28T13:35:25.002310,"kidfriendly,dessert"
u429,29.93861241242574,31.065688000730642,2025-09-17T13:35:25.002320,lowcal
u430,29.507542610352466,31.065063766477085,2025-06-12T13:35:25.002330,vegan
u431,29.750216821555586,30.865359471254074,2026-03-01T13:35:25.002341,"dessert,lowcal,vegan"
u432,30.025325436916198,31.222379190153468,2026-01-17T13:35:25.002361,"glutenfree,halal,seafood"
u433,29.761357518450083,30.99174873065294,2026-03-12T13:35:25.002374,seafood
u434,29.731154245922884,30.759702704705877,2026-03-05T13:35:25.002385,lowcal
u435,30.265079342946713,30.994962924067437,2025-06-02T13:35:25.002395,"seafood,halal"
u436,29.528366841097082,30.76558959490151,2025-09-23T13:35:25.002404,kidfriendly
u437,29.928267505777505,30.916739465136608,2025-05-15T13:35:25.002509,"lowcal,dessert"
u438,30.123853522067776,31.234350754626256,2025-08-11T13:35:25.002650,"spicy,seafood,glutenfree"
u439,30.562470266096035,30.749737781896062,2025-04-23T13:35:25.002671,"spicy,lowcal"
u440,29.851266362788976,31.379793418519494,2025-09-24T13:35:25.002710,"kidfriendly,halal,spicy"
u441,30.110672441100462,31.054754902540985,2025-04-29T13:35:25.002748,"vegetarian,halal"
u442,29.65157807563354,31.357222625237686,2025-04-24T13:35:25.002795,"vegan,kidfriendly,dessert"
u443,30.207573182874647,30.56701494723561,2025-11-09T13:35:25.002885,lowcal
u444,30.19039556223878,31.25828366955931,2025-10-02T13:35:25.002902,seafood
u445,30.58884073732436,30.97508163972715,2025-09-20T13:35:25.002913,kidfriendly
u446,29.444118196881302,31.56211364888724,2025-04-19T13:35:25.002925,"glutenfree,lowcal,seafood"
u447,29.697877162613885,31.197632664635858,2026-01-18T13:35:25.002989,"vegetarian,glutenfree,lowcal"
u448,29.7979160424982,31.355477277312776,2026-02-18T13:35:25.003026,"vegan,lowcal,kidfriendly"
u449,29.710486044484387,31.012811488630053,2025-07-22T13:35:25.003072,vegetarian
u450,29.869361002413005,31.326810678954917,2025-06-16T13:35:25.003144,"halal,kidfriendly,spicy"
u451,30.597243270497586,30.97932530138984,2025-11-13T13:35:25.003165,"glutenfree,spicy,kidfriendly"
u452,30.397581293648567,31.27618086762734,2025-10-17T13:35:25.003193,"vegetarian,glutenfree"
u453,30.341123997034437,31.025337795760567,2025-10-17T13:35:25.003210,"dessert,kidfriendly"
u454,30.26639273193565,30.942936631908204,2026-03-10T13:35:25.003223,"vegetarian,kidfriendly"
u455,29.427102138243736,30.8116935370681,2026-02-17T13:35:25.003235,"vegan,vegetarian"
u456,29.60934387938896,30.592162853458433,2025-07-01T13:35:25.003247,"spicy,halal,seafood"
u457,30.357306945965117,31.155712382654414,2026-01-08T13:35:25.003259,"kidfriendly,halal"
u458,30.284866043455363,31.459716849303167,2025-08-26T13:35:25.003276,"lowcal,glutenfree,vegan"
u459,30.245682739151682,30.646941375240786,2025-04-18T13:35:25.003289,"lowcal,glutenfree,vegan"
u460,30.359402828264052,31.04426681268477,2025-10-08T13:35:25.003301,vegetarian
u461,29.536745964846194,31.204841713869303,2025-08-06T13:35:25.003369,"halal,kidfriendly"
u462,29.87105280685727,30.537078488003534,2025-10-15T13:35:25.003397,"dessert,lowcal,seafood"
u463,30.502419095764914,31.108202037972973,2025-05-04T13:35:25.003412,"spicy,seafood"
u464,29.54143398319399,30.7664560030426,2026-01-10T13:35:25.003426,dessert
u465,29.90188692745351,30.56544075824147,2025-09-29T13:35:25.003439,"spicy,lowcal"
u466,30.162601970470362,31.232119511835226,2025-05-18T13:35:25.003449,"spicy,kidfriendly"
u467,29.600238628592866,30.746601728859215,2026-01-08T13:35:25.003459,glutenfree
u468,30.438626677027695,31.54221034058556,2025-08-08T13:35:25.003470,"kidfriendly,vegan"
u469,30.378259128784634,31.556594907297928,2025-07-29T13:35:25.003592,halal
u470,29.990071056028878,31.252170847414956,2025-08-29T13:35:25.003620,"kidfriendly,lowcal,dessert"
u471,30.07847735909397,31.355057067522914,2025-12-22T13:35:25.003635,"spicy,vegetarian"
u472,29.66981209997185,30.746404372169454,2025-08-22T13:35:25.003648,"vegan,seafood"
u473,29.537047981630764,31.330135633436793,2025-10-08T13:35:25.003662,"kidfriendly,vegetarian,seafood"
u474,29.66225032201209,30.91018562408462,2025-05-14T13:35:25.003694,"vegan,kidfriendly,seafood"
u475,30.449771815532262,30.438676474539033,2025-11-30T13:35:25.003732,seafood
u476,30.438348564451555,30.540863231798692,2025-12-13T13:35:25.003744,"vegetarian,kidfriendly"
u477,30.43325843552429,31.132314163143374,2025-09-06T13:35:25.003756,dessert
u478,30.3418191719647,31.37623583859452,2026-03-14T13:35:25.003768,spicy
u479,30.046522255257166,30.78838433902562,2025-04-18T13:35:25.003866,"dessert,seafood,kidfriendly"
u480,30.54287681452647,31.017297986020044,2025-05-01T13:35:25.003894,"seafood,glutenfree"
u481,30.55532639399255,31.342829257949557,2026-03-14T13:35:25.003909,spicy
u482,29.69961269032577,31.253673818607002,2025-12-08T13:35:25.003924,"spicy,glutenfree"
u483,30.092910635164994,30.722460582504983,2025-09-13T13:35:25.003937,"lowcal,kidfriendly,vegetarian"
u484,30.160353316020355,31.456150097568788,2026-02-25T13:35:25.003958,"kidfriendly,vegetarian"
u485,30.233644338873052,31.452780828199426,2025-08-24T13:35:25.003969,"glutenfree,seafood"
u486,30.442689315445442,31.41660079121045,2026-02-25T13:35:25.003976,"dessert,vegan"
u487,29.475996823272208,31.041309357265078,2025-12-23T13:35:25.003986,"kidfriendly,dessert,lowcal"
u488,29.722244205977308,31.39401234045857,2025-10-23T13:35:25.004002,"halal,kidfriendly"
u489,29.812487544663142,31.21906231131185,2026-03-20T13:35:25.004017,"spicy,kidfriendly,lowcal"
u490,30.15141542658707,31.404042614635067,2026-04-05T13:35:25.004056,vegetarian
u491,29.929543138651713,30.400811117814523,2025-09-06T13:35:25.004071,spicy
u492,30.4585773168504,30.762238605251707,2025-11-24T13:35:25.004084,spicy
u493,29.70046713425893,30.84621252117612,2025-05-16T13:35:25.004096,dessert
u494,29.87560988031868,30.766611093813076,2025-04-20T13:35:25.004108,vegan
u495,30.186582274060243,31.244437647716854,2026-04-13T13:35:25.004119,lowcal
u496,29.49352646588713,31.11241539620928,2025-07-22T13:35:25.004127,kidfriendly
u497,30.234716528745658,31.380530832295957,2025-09-09T13:35:25.004134,"kidfriendly,vegan,glutenfree"
u498,29.674736240950853,30.507197297192484,2026-02-20T13:35:25.004147,"spicy,kidfriendly,vegan"
u499,29.84107402754714,30.759106392894353,2025-09-30T13:35:25.004155,dessert
u500,29.482093929027094,31.07594945736356,2025-06-05T13:35:25.004162,spicy
u501,30.266918431637187,31.153696046009085,2026-01-26T13:35:25.004169,"spicy,kidfriendly,glutenfree"
u502,29.504025640159185,30.520558134973168,2026-02-09T13:35:25.004180,"kidfriendly,halal"
u503,29.777404401818604,30.56779622657108,2025-11-23T13:35:25.004188,"lowcal,dessert,halal"
u504,30.121198874116015,31.265415566631493,2025-11-19T13:35:25.004196,"vegetarian,halal,seafood"
u505,30.021298953356684,31.011427079337654,2025-09-25T13:35:25.004203,"vegan,seafood,vegetarian"
u506,29.99386526393192,30.53529239512457,2025-08-01T13:35:25.004209,"vegan,halal"
u507,30.520709282009058,30.558379456879244,2025-06-26T13:35:25.004217,"vegetarian,vegan,spicy"
u508,30.315271125474702,31.545343580729064,2026-03-07T13:35:25.004224,"dessert,spicy"
u509,29.41655211087035,30.658891526220682,2026-03-14T13:35:25.004230,vegetarian
u510,30.15428483527269,31.00125875860849,2025-09-13T13:35:25.004237,"glutenfree,seafood"
u511,30.168644745974824,31.045186429763262,2026-01-25T13:35:25.004246,"lowcal,vegetarian"
u512,29.49482587437008,31.50510983052728,2026-01-24T13:35:25.004257,"vegetarian,seafood"
u513,30.16115309682391,31.4014317630217,2025-04-30T13:35:25.004270,"dessert,lowcal,seafood"
u514,29.92498325166069,31.54411357205929,2025-12-12T13:35:25.004284,"vegetarian,seafood,dessert"
u515,29.503455358069786,30.921380306327222,2025-08-24T13:35:25.004295,halal
u516,30.290032210869064,31.288789816281014,2026-02-11T13:35:25.004309,"vegan,seafood,dessert"
u517,30.24179953346864,30.59659915712249,2025-10-18T13:35:25.004316,spicy
u518,29.846243317069984,31.29973166091255,2025-11-27T13:35:25.004322,"glutenfree,seafood,vegetarian"
u519,30.368529415988842,30.726376714025623,2026-03-12T13:35:25.004330,"vegetarian,vegan,spicy"
u520,29.94623733321531,30.832148674626104,2025-08-01T13:35:25.004336,"vegetarian,kidfriendly"
u521,29.706139297246892,30.523485898026244,2025-06-24T13:35:25.004344,"spicy,dessert,vegetarian"
u522,30.010589861892775,30.452845488715372,2026-04-07T13:35:25.004355,"vegetarian,halal,dessert"
u523,29.966117507493287,30.85957536924088,2026-01-27T13:35:25.004361,vegan
u524,30.06343774619504,31.496737203425354,2025-05-13T13:35:25.004368,vegan
u525,29.69791582002869,31.499025717857073,2025-11-01T13:35:25.004379,"halal,dessert"
u526,29.543281115609773,31.20799086006231,2026-03-18T13:35:25.004390,"vegetarian,dessert"
u527,30.36520562335051,31.577696636729794,2025-09-20T13:35:25.004400,halal
u528,30.439238675972582,31.32823297540706,2025-11-05T13:35:25.004410,kidfriendly
u529,29.409563008268947,30.640805384143547,2025-06-29T13:35:25.004422,"vegetarian,kidfriendly"
u530,29.841928353235343,31.566229294181113,2026-01-03T13:35:25.004433,"halal,kidfriendly"
u531,29.407653459302164,30.892043331479226,2025-12-15T13:35:25.004446,"glutenfree,halal,vegetarian"
u532,29.401754448642695,31.1887646202112,2025-11-07T13:35:25.004454,"dessert,vegan,spicy"
u533,30.035777386872017,30.68580111342504,2025-08-05T13:35:25.004467,halal
u534,30.253982969640123,30.511631966029707,2025-12-16T13:35:25.004475,spicy
u535,30.5694657482019,30.501882901019787,2026-02-24T13:35:25.004482,"lowcal,dessert,halal"
u536,30.110274916003533,30.47473943622395,2025-05-09T13:35:25.004489,"spicy,lowcal,vegan"
u537,29.750011228868285,31.421096446946343,2025-09-24T13:35:25.004501,halal
u538,29.726347046198946,30.489624922962975,2025-12-31T13:35:25.004516,"dessert,glutenfree,halal"
u539,29.586492661586323,30.597249976839723,2025-08-18T13:35:25.004537,vegetarian
u540,30.043109458908027,31.557561666700273,2025-12-28T13:35:25.004549,"lowcal,vegetarian"
u541,29.718009512297648,30.543896267626472,2026-01-23T13:35:25.004563,"seafood,kidfriendly"
u542,30.403109701185585,30.79335239066175,2026-02-26T13:35:25.004576,"seafood,vegan,vegetarian"
u543,30.016151610454475,31.212620052386885,2025-12-01T13:35:25.004584,"halal,dessert,glutenfree"
u544,30.542515928188493,31.425521565546404,2025-07-03T13:35:25.004590,vegan
u545,29.954451898651488,31.36467610413262,2026-02-01T13:35:25.004598,"glutenfree,halal,vegan"
u546,29.474003021392576,31.337151992165154,2025-12-21T13:35:25.004605,vegan
u547,30.388408098226027,30.8466876925792,2025-05-26T13:35:25.004618,halal
u548,29.48998461683214,31.59659371135657,2026-01-02T13:35:25.004626,"vegetarian,seafood,lowcal"
u549,30.486093564456183,31.3952274126609,2025-10-26T13:35:25.004634,"kidfriendly,spicy,vegan"
u550,30.53073679322894,30.460765241098308,2025-06-24T13:35:25.004640,vegan
u551,29.43537875160035,31.21985550010202,2026-01-15T13:35:25.004648,"lowcal,kidfriendly"
u552,29.729978122829092,30.935213716775987,2026-01-27T13:35:25.004656,"halal,spicy"
u553,30.176734080568895,30.9986699319958,2025-07-06T13:35:25.004662,halal
u554,29.735731184926767,30.56468322055848,2026-01-01T13:35:25.004672,"vegan,vegetarian"
u555,30.592904732842754,31.05238801951569,2026-04-04T13:35:25.004679,"glutenfree,halal,dessert"
u556,30.053421367240862,30.98161538252861,2025-06-28T13:35:25.004686,"dessert,kidfriendly"
u557,29.615779048437442,30.782653080795257,2025-12-22T13:35:25.004693,"dessert,lowcal,spicy"
u558,29.470309476333743,31.589837588116684,2025-07-16T13:35:25.004699,seafood
u559,29.520161204765948,31.18823730565148,2025-11-28T13:35:25.004706,"halal,spicy"
u560,30.41580610855816,31.35686882485529,2025-10-14T13:35:25.004717,"vegan,halal,seafood"
u561,29.683861359290955,30.781605241950245,2025-04-21T13:35:25.004726,spicy
u562,30.53707048208402,31.07632778413983,2025-06-29T13:35:25.004734,"vegan,dessert"
u563,30.050549521825193,30.61066812119278,2026-03-25T13:35:25.004744,kidfriendly
u564,29.67914802969989,30.66257073002989,2025-07-18T13:35:25.004756,vegan
u565,30.501475423104775,30.64175726002257,2026-02-06T13:35:25.004777,"vegan,dessert"
u566,29.47146715541404,30.577254422783337,2025-04-18T13:35:25.004790,"spicy,dessert"
u567,30.41577706509496,31.43280335990986,2026-03-07T13:35:25.004802,vegetarian
u568,29.803873285368965,30.787123845247493,2026-01-23T13:35:25.004813,"lowcal,vegetarian"
u569,29.78074007190051,31.248619505483592,2025-06-30T13:35:25.004820,"lowcal,kidfriendly,dessert"
u570,30.106740186939724,30.610421955988265,2025-11-07T13:35:25.004828,"dessert,halal,glutenfree"
u571,30.2745971471232,31.538545725065546,2025-06-24T13:35:25.004835,"seafood,spicy,vegetarian"
u572,30.122866400941167,31.505245859701695,2025-06-04T13:35:25.004843,"vegan,spicy"
u573,30.524025352265106,30.56877204177828,2026-03-05T13:35:25.004850,vegetarian
u574,30.578855585928427,30.601464900101902,2026-02-27T13:35:25.004858,dessert
u575,29.718254928675453,30.699449035762335,2026-03-10T13:35:25.004865,"dessert,kidfriendly,vegan"
u576,30.264496305596364,30.45777694927994,2025-09-01T13:35:25.004872,"seafood,vegetarian"
u577,29.991698392168615,30.85445508972911,2025-07-08T13:35:25.004892,"lowcal,spicy,halal"
u578,30.346475993371463,31.093666589119756,2025-04-27T13:35:25.004900,"vegetarian,kidfriendly"
u579,29.94154490298369,31.35903347890761,2026-03-27T13:35:25.004910,spicy
u580,29.713353251978713,30.525670058198575,2025-10-20T13:35:25.004916,"vegan,dessert"
u581,29.593085393893585,30.49000290525299,2026-02-25T13:35:25.004925,lowcal
u582,29.917588000975034,31.184362210318422,2025-06-07T13:35:25.004933,"kidfriendly,vegan"
u583,29.521509373168,30.646660572061524,2026-01-06T13:35:25.004941,"spicy,vegan"
u584,30.19271747125557,30.75688077721788,2026-02-23T13:35:25.004948,"glutenfree,seafood"
u585,30.08612376942929,31.40782540581478,2026-01-25T13:35:25.004954,lowcal
u586,29.40457868660336,30.505154031168367,2025-05-10T13:35:25.004960,dessert
u587,29.430882831278023,30.604998630030668,2025-11-15T13:35:25.004968,"kidfriendly,halal,vegan"
u588,30.412522889216323,30.770024080141276,2025-09-22T13:35:25.004974,kidfriendly
u589,29.509364253060816,31.052951235063617,2026-01-09T13:35:25.004981,"kidfriendly,seafood"
u590,29.62389952938952,30.45354030963745,2025-08-31T13:35:25.004987,"lowcal,dessert"
u591,30.40449450256135,31.077095905497426,2026-01-26T13:35:25.004994,"seafood,halal"
u592,29.812549663855258,31.049738807207227,2025-06-16T13:35:25.005001,"vegetarian,glutenfree,dessert"
u593,29.473180495269272,30.864527316258002,2025-07-20T13:35:25.005008,glutenfree
u594,30.087257148757462,30.682770423378905,2025-11-11T13:35:25.005018,"glutenfree,kidfriendly"
u595,30.483332641606985,31.257166838956433,2025-07-30T13:35:25.005025,lowcal
u596,30.539105779741902,30.938847683425656,2026-01-18T13:35:25.005033,"glutenfree,spicy,vegan"
u597,29.551423198366248,30.90804987917872,2025-04-29T13:35:25.005042,halal
u598,30.400929742411204,30.709463631985333,2026-03-10T13:35:25.005050,"halal,spicy"
u599,30.06763704476376,31.06246502989048,2025-11-23T13:35:25.005057,lowcal
u600,30.24049454590432,31.105091305278798,2025-09-11T13:35:25.005064,"kidfriendly,vegan,lowcal"
u601,29.57957078350961,31.07991271246613,2025-06-19T13:35:25.005071,lowcal
u602,30.075220511372788,30.52118853139054,2025-11-18T13:35:25.005079,vegetarian
u603,29.859652167452463,30.982701750743598,2025-06-06T13:35:25.005086,"dessert,lowcal,spicy"
u604,29.730496970441706,30.57262320475201,2025-06-06T13:35:25.005093,"vegan,spicy"
u605,30.467489056697108,30.797792890881126,2025-12-13T13:35:25.005100,"lowcal,vegan,halal"
u606,30.5050019794874,31.476437634579305,2026-04-03T13:35:25.005108,kidfriendly
u607,29.73641598382157,30.98994305603118,2025-04-22T13:35:25.005123,"seafood,glutenfree"
u608,29.760576537020977,31.292468369988597,2025-10-31T13:35:25.005137,"vegetarian,halal,glutenfree"
u609,29.625522829071134,30.653668602527077,2025-09-17T13:35:25.005151,"lowcal,vegetarian"
u610,29.467446984487204,31.34978847049748,2026-03-11T13:35:25.005167,"kidfriendly,dessert,lowcal"
u611,29.56277978522047,31.42155440918463,2025-06-26T13:35:25.005189,"glutenfree,lowcal"
u612,29.63131613619787,31.39951591969186,2026-03-15T13:35:25.005201,spicy
u613,29.947738400553696,31.50163728320934,2025-04-18T13:35:25.005213,vegan
u614,29.842022313089725,30.957062156544264,2025-09-22T13:35:25.005225,seafood
u615,29.846960113842368,31.112852312142582,2026-01-13T13:35:25.005236,"vegetarian,vegan,glutenfree"
u616,29.8130988046245,31.405184524308073,2025-12-02T13:35:25.005247,"glutenfree,dessert"
u617,29.863878804889183,30.595488886718346,2025-06-25T13:35:25.005257,"vegetarian,seafood,vegan"
u618,30.17685587011378,31.213234295309164,2025-11-27T13:35:25.005268,halal
u619,30.33636439711277,31.32108727409422,2026-04-09T13:35:25.005280,"lowcal,vegan,glutenfree"
u620,30.12137034059344,30.410156472537846,2025-12-05T13:35:25.005295,"spicy,glutenfree"
u621,30.4745795700831,31.42190340771117,2025-08-21T13:35:25.005308,"seafood,glutenfree,halal"
u622,29.762574109529222,31.02476547799388,2025-05-29T13:35:25.005319,"halal,kidfriendly"
u623,30.013816460961962,31.194826543031503,2025-10-04T13:35:25.005358,"vegetarian,vegan"
u624,29.52972543670301,30.476604464676534,2025-11-23T13:35:25.005371,"seafood,glutenfree,dessert"
u625,30.187343526283744,31.542625357738498,2025-05-15T13:35:25.005388,"dessert,seafood,spicy"
u626,30.02075230269558,30.688362493214193,2026-03-15T13:35:25.005396,"halal,spicy"
u627,29.5679154102917,30.430546325344448,2025-08-02T13:35:25.005403,"lowcal,dessert,kidfriendly"
u628,29.88551867355354,31.284078514891736,2025-06-19T13:35:25.005409,"seafood,lowcal"
u629,30.256043147048622,31.223581733119204,2025-05-22T13:35:25.005434,"halal,dessert,kidfriendly"
u630,30.414503093093515,31.40876643351568,2025-07-02T13:35:25.005440,"dessert,seafood"
u631,29.517123676575252,30.553532967635263,2025-12-02T13:35:25.005447,seafood
u632,30.47950938942104,31.185321573221383,2025-12-21T13:35:25.005453,"glutenfree,spicy,dessert"
u633,29.904567081821774,31.464212259632205,2025-10-05T13:35:25.005460,"halal,seafood"
u634,30.421456665853693,30.964643881204815,2025-05-24T13:35:25.005466,"seafood,kidfriendly"
u635,30.000572849391244,31.440997305637875,2025-09-30T13:35:25.005473,"vegetarian,kidfriendly,glutenfree"
u636,30.445018975623604,30.580934141314316,2026-01-01T13:35:25.005479,"seafood,lowcal,vegan"
u637,29.571868982759565,31.43487273200454,2026-01-11T13:35:25.005486,"lowcal,kidfriendly"
u638,29.799155336299833,31.583968447239616,2025-11-04T13:35:25.005491,kidfriendly
u639,29.7282334346418,31.313431937458,2026-01-17T13:35:25.005498,"vegan,glutenfree,halal"
u640,30.3162830005266,30.505649612510854,2025-06-03T13:35:25.005504,"spicy,kidfriendly,lowcal"
u641,29.91483053832049,30.972880331128685,2026-04-11T13:35:25.005510,"lowcal,glutenfree"
u642,29.63929710147374,30.847721686512845,2026-04-06T13:35:25.005516,glutenfree
u643,29.421499350757134,30.404948600769224,2025-12-07T13:35:25.005534,"glutenfree,halal"
u644,29.774510712584235,30.523249868007454,2025-07-30T13:35:25.005540,dessert
u645,30.388612595609292,30.757842704192967,2025-11-16T13:35:25.005550,"seafood,spicy,vegan"
u646,29.920398276042707,31.224136185605577,2026-02-04T13:35:25.005556,"glutenfree,dessert"
u647,30.30013869871282,30.597860210669793,2025-09-19T13:35:25.005562,"kidfriendly,dessert"
u648,29.669185635988434,31.58185542939191,2025-12-26T13:35:25.005568,halal
u649,29.83990974167982,31.18064845614547,2026-03-25T13:35:25.005575,"vegan,spicy,glutenfree"
u650,30.11270888144982,30.457552450853317,2026-02-17T13:35:25.005581,"seafood,vegan"
u651,29.53894779160716,30.933177146735076,2026-02-09T13:35:25.005588,"vegan,glutenfree,dessert"
u652,29.583752517749325,31.23423043506509,2025-05-26T13:35:25.005594,"seafood,kidfriendly,dessert"
u653,29.905045747712236,30.521175816617752,2025-07-21T13:35:25.005600,seafood
u654,30.396783264565066,30.525897084280118,2025-06-01T13:35:25.005606,"spicy,lowcal"
u655,29.5368150632211,30.527516449967674,2026-01-02T13:35:25.005612,seafood
u656,30.027775329111098,30.642007827978627,2025-04-18T13:35:25.005619,"halal,seafood,lowcal"
u657,29.44728684915428,30.99562565604171,2025-12-28T13:35:25.005625,"seafood,spicy"
u658,29.40328559886887,31.205959758958247,2026-02-16T13:35:25.005631,"kidfriendly,dessert,vegetarian"
u659,30.335431467101323,30.490057856353197,2026-02-21T13:35:25.005642,"kidfriendly,spicy,vegan"
u660,30.586399116909124,30.755226614452525,2025-08-19T13:35:25.005652,"halal,kidfriendly"
u661,30.375814096701458,31.448968538994592,2025-11-16T13:35:25.005763,vegetarian
u662,30.286248234950612,30.513998164396696,2026-03-21T13:35:25.005789,"dessert,lowcal"
u663,30.196026032989014,30.60461473162765,2025-10-12T13:35:25.005805,spicy
u664,29.847146583929337,30.81126726731243,2026-02-14T13:35:25.005818,"seafood,vegetarian"
u665,29.72619970890023,30.862858587711177,2025-08-12T13:35:25.005831,"lowcal,kidfriendly"
u666,29.559013891483872,31.27169333450776,2026-01-22T13:35:25.005843,"spicy,vegetarian"
u667,30.493472113526614,30.979209820648414,2025-06-26T13:35:25.005855,lowcal
u668,29.855700934939065,30.830318697792517,2026-03-30T13:35:25.005873,"kidfriendly,spicy,seafood"
u669,29.53552497524852,30.893541116482208,2026-03-21T13:35:25.005888,"spicy,kidfriendly,halal"
u670,30.18596828264807,30.41483225558312,2025-05-01T13:35:25.005913,seafood
u671,30.02772381026961,31.240696221157066,2026-02-24T13:35:25.005945,"halal,dessert,seafood"
u672,29.814899384949005,31.21155468202893,2025-09-28T13:35:25.005956,"halal,kidfriendly"
u673,30.470474257956074,31.135496813546713,2026-04-08T13:35:25.005967,glutenfree
u674,29.995001916909953,30.598484647943366,2025-08-05T13:35:25.005987,"spicy,kidfriendly,lowcal"
u675,30.56417405854008,30.460420857431853,2025-12-20T13:35:25.005999,"halal,dessert"
u676,29.681999999989543,30.95091351369788,2025-06-24T13:35:25.006024,"lowcal,glutenfree,kidfriendly"
u677,29.936481743896557,30.54244822246436,2025-08-02T13:35:25.006035,"vegetarian,kidfriendly"
u678,29.89480625721066,31.0685572136858,2026-04-13T13:35:25.006046,"vegan,vegetarian,halal"
u679,30.468133078590075,31.074799086512787,2025-05-13T13:35:25.006057,seafood
u680,30.390373188742476,31.379906423892837,2025-08-24T13:35:25.006069,"kidfriendly,dessert,spicy"
u681,30.259989681755012,30.835953456603708,2025-08-25T13:35:25.006100,"glutenfree,kidfriendly"
u682,30.311183941294942,30.666096529384227,2025-10-21T13:35:25.006111,vegetarian
u683,30.242515263911983,30.454933731826042,2026-01-19T13:35:25.006122,"seafood,dessert"
u684,29.52835380662342,31.13302211936642,2026-01-07T13:35:25.006134,"spicy,lowcal"
u685,29.658707405242737,31.389464972449126,2026-01-06T13:35:25.006146,lowcal
u686,29.897364414153998,31.511951836644773,2025-05-04T13:35:25.006157,"dessert,vegetarian,lowcal"
u687,30.19014803400024,31.5474283859509,2026-02-04T13:35:25.006170,"vegetarian,kidfriendly,halal"
u688,30.063871594685093,30.919372455824757,2025-06-18T13:35:25.006182,"vegan,glutenfree"
u689,30.23018125514884,30.60838032421912,2026-02-07T13:35:25.006207,"glutenfree,spicy"
u690,30.189026173358076,31.127392928743625,2025-10-31T13:35:25.006216,lowcal
u691,30.49909229003652,31.31484958751415,2025-11-24T13:35:25.006226,"lowcal,glutenfree,seafood"
u692,29.94341484729764,30.56004619721931,2025-09-14T13:35:25.006235,"dessert,seafood"
u693,30.241793172488862,31.43284905535499,2025-04-14T13:35:25.006249,"glutenfree,seafood,lowcal"
u694,29.651655235506603,31.257261442755873,2025-04-27T13:35:25.006261,"glutenfree,halal,vegetarian"
u695,30.0046721268519,31.233174368472792,2025-10-30T13:35:25.006271,"spicy,glutenfree"
u696,29.976443906868752,31.08476583310372,2025-05-07T13:35:25.006281,"vegetarian,dessert,seafood"
u697,29.906863643005234,30.415324618125528,2026-02-18T13:35:25.006293,"lowcal,seafood,glutenfree"
u698,29.574392053959354,31.20430501452033,2026-01-01T13:35:25.006303,lowcal
u699,30.220068394397746,30.575714068168836,2026-03-13T13:35:25.006313,"spicy,seafood"
u700,30.049406504919883,30.830418924814698,2025-08-25T13:35:25.006344,"seafood,halal,lowcal"
u701,30.437809782245523,31.290895283047433,2025-06-30T13:35:25.006355,glutenfree
u702,30.231523290257098,30.4563758575304,2025-09-30T13:35:25.006367,"halal,seafood"
u703,30.558999856282394,30.4645626307693,2025-12-06T13:35:25.006378,"lowcal,dessert"
u704,30.395980178346175,31.493783652488485,2025-04-18T13:35:25.006394,kidfriendly
u705,30.26989742485544,30.632197254546085,2025-08-27T13:35:25.006406,"dessert,halal,lowcal"
u706,29.624371897838788,30.608554158226365,2025-07-24T13:35:25.006434,vegetarian
u707,29.44876107956625,30.734934695571052,2025-11-29T13:35:25.006446,lowcal
u708,30.100783269220717,30.706019377758906,2025-10-26T13:35:25.006456,spicy
u709,29.584444060283555,30.787156035872226,2026-03-18T13:35:25.006487,"spicy,vegan"
u710,30.087212388665915,30.82970270579649,2025-04-16T13:35:25.006500,"seafood,kidfriendly,lowcal"
u711,30.548385261153005,31.024727544798044,2025-07-29T13:35:25.006513,"glutenfree,halal"
u712,30.051696186098777,30.884100479709616,2025-10-17T13:35:25.006524,lowcal
u713,30.196001371728332,30.797279843933563,2025-11-14T13:35:25.006535,halal
u714,29.96982862648336,31.07360161981304,2025-05-16T13:35:25.006546,glutenfree
u715,30.202726161593265,30.934800695541632,2025-05-20T13:35:25.006557,vegetarian
u716,30.462792190798552,30.85764712914168,2026-02-14T13:35:25.006569,"halal,vegan,dessert"
u717,29.429646875661636,31.02024138708808,2025-10-04T13:35:25.006581,"seafood,glutenfree"
u718,29.452621993092603,31.477937930687023,2026-01-05T13:35:25.006592,"glutenfree,kidfriendly,halal"
u719,30.5378541835781,30.600873771056193,2025-07-12T13:35:25.006604,"glutenfree,vegetarian"
u720,30.204402151371667,31.328298719643133,2025-04-28T13:35:25.006616,"vegan,vegetarian,kidfriendly"
u721,30.045305056828994,31.243291439521048,2025-09-03T13:35:25.006630,"vegetarian,halal"
u722,29.95107028231205,30.798058450560745,2026-02-28T13:35:25.006643,"vegetarian,spicy,vegan"
u723,29.613590596266523,30.70228960118965,2026-03-08T13:35:25.006655,vegan
u724,29.865639124373725,31.156260717550946,2025-09-04T13:35:25.006667,"halal,seafood,glutenfree"
u725,30.207958478793255,31.041801244073202,2025-05-20T13:35:25.006678,"vegan,lowcal"
u726,30.41790148680737,30.82924016649766,2025-07-30T13:35:25.006691,"vegetarian,vegan,dessert"
u727,30.344270277195083,30.761620851813845,2026-02-28T13:35:25.006701,seafood
u728,29.87413590987434,31.192867797888688,2025-08-14T13:35:25.006713,"kidfriendly,lowcal"
u729,29.663838870552613,31.296104693928296,2025-07-08T13:35:25.006724,glutenfree
u730,30.212746854606074,31.497002699661543,2025-05-17T13:35:25.006737,"spicy,seafood"
u731,29.5478821907202,30.406035806888806,2025-06-12T13:35:25.006755,"vegan,spicy"
u732,29.76562938281941,31.297955904079352,2025-10-19T13:35:25.006768,"glutenfree,vegetarian"
u733,30.4867536364132,31.42175062160986,2026-01-31T13:35:25.006780,lowcal
u734,29.66494556322889,31.401698040241673,2026-01-04T13:35:25.006791,spicy
u735,30.205173493620695,31.08075117336736,2026-03-17T13:35:25.006802,spicy
u736,30.2060222989383,30.700825137777947,2026-01-02T13:35:25.006814,"kidfriendly,vegetarian,spicy"
u737,29.553858175915142,31.186567576836342,2026-02-21T13:35:25.006827,"kidfriendly,dessert,spicy"
u738,29.781343124680472,30.940775173857922,2025-06-02T13:35:25.006843,"vegetarian,halal"
u739,30.08023427156651,31.369239717569947,2025-09-06T13:35:25.006856,"seafood,spicy,glutenfree"
u740,29.775857736881154,31.342792134477428,2025-04-14T13:35:25.006868,vegan
u741,29.83138319970047,31.21549621581709,2025-10-26T13:35:25.006893,"lowcal,seafood,glutenfree"
u742,29.830489922536316,30.766566155734402,2025-07-05T13:35:25.006904,"kidfriendly,glutenfree"
u743,30.174661924898274,30.498368431703387,2025-11-21T13:35:25.006914,spicy
u744,29.635718315213037,31.280253540453337,2025-05-28T13:35:25.006924,glutenfree
u745,30.470526221561105,31.41950472748737,2025-05-25T13:35:25.006934,vegetarian
u746,30.323040305883016,30.655312823411556,2026-03-26T13:35:25.006944,lowcal
u747,30.330236686604913,30.838982356123612,2025-12-20T13:35:25.006955,"seafood,kidfriendly,dessert"
u748,30.001347805652724,30.5086648291062,2025-10-09T13:35:25.006970,"seafood,spicy,halal"
u749,30.55680032199508,31.578223838931642,2025-04-28T13:35:25.006982,"vegan,halal,lowcal"
u750,29.568444831188504,30.59106690149735,2025-06-28T13:35:25.006994,glutenfree
u751,29.448503791262084,31.313766853400846,2025-12-16T13:35:25.007006,"spicy,kidfriendly,glutenfree"
u752,29.84332222253697,30.451370129006378,2025-12-29T13:35:25.007015,seafood
u753,30.501482332837373,31.457862377581932,2026-03-24T13:35:25.007026,"dessert,lowcal,halal"
u754,30.562129681003448,31.160280378129904,2025-11-24T13:35:25.007036,"dessert,vegetarian,glutenfree"
u755,30.18441037576066,30.838356133589258,2025-05-14T13:35:25.007047,"seafood,spicy,halal"
u756,29.701903692272264,31.567208930020712,2025-12-20T13:35:25.007062,glutenfree
u757,30.441263306245496,30.98423387520901,2025-08-10T13:35:25.007073,"lowcal,dessert,glutenfree"
u758,29.59872698691479,30.492505870889495,2025-05-19T13:35:25.007085,"vegan,spicy,halal"
u759,29.62428681097052,30.83466753305811,2026-02-12T13:35:25.007096,"halal,spicy"
u760,29.79626971829166,30.53600643707678,2025-05-03T13:35:25.007108,"halal,lowcal,kidfriendly"
u761,30.10894907857102,31.176711080968662,2025-09-15T13:35:25.007118,"kidfriendly,halal"
u762,29.451773197602197,31.08818381362272,2026-01-21T13:35:25.007132,halal
u763,29.44702903828738,31.08672315907656,2026-03-16T13:35:25.007143,glutenfree
u764,30.50693624478612,31.019968831165777,2025-09-18T13:35:25.007153,seafood
u765,29.659912101470262,31.127831077511093,2025-08-15T13:35:25.007165,"vegan,seafood,glutenfree"
u766,30.396436289645138,31.12100645729344,2025-06-19T13:35:25.007175,"spicy,halal"
u767,29.71742483825435,31.269024157693305,2025-10-20T13:35:25.007187,glutenfree
u768,29.85385362254496,30.558655838148923,2026-04-05T13:35:25.007214,"vegetarian,halal"
u769,30.431510030412728,31.005231431284855,2025-09-11T13:35:25.007225,glutenfree
u770,29.612906621180795,31.48192986203505,2025-06-10T13:35:25.007239,vegetarian
u771,30.00399504976615,30.541019687889726,2025-08-10T13:35:25.007249,glutenfree
u772,30.214271232329892,30.917796190280118,2025-09-10T13:35:25.007260,"spicy,vegan,lowcal"
u773,29.67538350765486,31.362760235209375,2025-09-30T13:35:25.007269,"vegan,lowcal"
u774,29.56065972674952,30.972569484405447,2025-12-15T13:35:25.007280,"vegetarian,lowcal"
u775,30.117950819821058,31.05247722633463,2025-12-03T13:35:25.007291,seafood
u776,30.25097860464733,31.34730697876615,2025-06-22T13:35:25.007301,vegan
u777,30.185455344963838,31.22532008413333,2025-11-03T13:35:25.007311,"vegetarian,vegan,halal"
u778,29.585734296674175,31.181891121733518,2025-12-05T13:35:25.007321,"dessert,vegetarian"
u779,30.077604285171425,31.13425681241358,2025-04-30T13:35:25.007352,"glutenfree,lowcal"
u780,30.062525938008324,31.069075210235724,2026-01-12T13:35:25.007364,"halal,lowcal"
u781,29.704533174531235,30.767983704009513,2025-10-19T13:35:25.007375,"glutenfree,kidfriendly"
u782,30.436596631937768,30.54290291739536,2025-12-17T13:35:25.007389,"lowcal,spicy,glutenfree"
u783,29.657349769845695,30.880673087710868,2025-10-22T13:35:25.007400,"spicy,vegetarian"
u784,30.55748430164942,30.406348760167088,2026-02-26T13:35:25.007411,"vegan,spicy,halal"
u785,30.511034145357417,30.922452921463318,2026-03-12T13:35:25.007423,kidfriendly
u786,29.496047684034963,30.445306405942095,2025-09-29T13:35:25.007449,"halal,dessert"
u787,30.253926998050776,31.116967076576916,2026-01-14T13:35:25.007460,"glutenfree,seafood"
u788,29.64204869136722,31.188261067248213,2025-07-22T13:35:25.007471,"kidfriendly,glutenfree,vegan"
u789,30.34075133442445,31.012657420478586,2025-04-21T13:35:25.007482,"halal,vegan"
u790,30.208829257214617,30.831687997930555,2025-05-13T13:35:25.007492,spicy
u791,29.504211375088843,30.731124244150575,2025-09-21T13:35:25.007502,spicy
u792,30.103296198251638,31.021291241187154,2025-04-18T13:35:25.007517,"lowcal,glutenfree"
u793,30.059511184255722,31.271366451648756,2025-07-01T13:35:25.007530,vegetarian
u794,29.731809418436548,31.127636089590702,2026-01-04T13:35:25.007541,"dessert,glutenfree,lowcal"
u795,29.713329006806326,30.888561551328642,2026-02-18T13:35:25.007551,"lowcal,vegan"
u796,30.536418558213196,31.36353069108683,2025-12-03T13:35:25.007565,"vegetarian,seafood,spicy"
u797,30.075802324565917,31.3239606312806,2025-10-22T13:35:25.007579,"seafood,kidfriendly,halal"
u798,29.978364194479003,30.70938371778328,2025-09-30T13:35:25.007593,"kidfriendly,vegan"
u799,29.778876832834715,31.546534824548033,2025-07-23T13:35:25.007604,"halal,glutenfree,lowcal"
u800,29.744747499463045,30.87871676391689,2025-10-20T13:35:25.007615,"vegan,seafood,vegetarian"
u801,30.517675487802794,30.971866544907147,2025-10-14T13:35:25.007629,glutenfree
u802,29.61934134316848,31.29538750961221,2026-01-06T13:35:25.007640,seafood
u803,30.282514878291398,31.447290998089958,2025-12-29T13:35:25.007650,"halal,glutenfree"
u804,30.401928576079268,31.403601651954027,2025-10-13T13:35:25.007660,halal
u805,29.543854191185726,30.494185087166535,2025-05-09T13:35:25.007670,vegetarian
u806,30.417612714907158,30.8454358424604,2025-11-03T13:35:25.007681,"vegan,glutenfree"
u807,29.619446235755635,31.317114790523114,2025-07-26T13:35:25.007692,"seafood,kidfriendly"
u808,30.300203262954938,30.553895140178337,2025-07-18T13:35:25.007703,"lowcal,halal"
u809,30.002970254546007,30.872460307422877,2025-04-27T13:35:25.007714,"kidfriendly,vegan"
u810,30.57180863428445,31.237893481715368,2025-08-21T13:35:25.007725,kidfriendly
u811,30.208923672533803,30.855313604304268,2026-02-21T13:35:25.007735,"vegan,glutenfree"
u812,29.62458293034342,30.71541884157484,2025-11-27T13:35:25.007746,"dessert,seafood"
u813,29.620696409035652,30.908731456493133,2025-09-11T13:35:25.007756,"dessert,glutenfree"
u814,29.880711116906667,30.940874789773428,2025-06-25T13:35:25.007768,"dessert,glutenfree,lowcal"
u815,30.37702879696968,31.264978551297926,2025-12-14T13:35:25.007802,halal
u816,29.575012482405043,31.550977504896004,2026-01-27T13:35:25.007851,"lowcal,glutenfree,vegetarian"
u817,29.90582480281232,30.561366021593468,2025-05-26T13:35:25.007871,"vegan,spicy"
u818,29.98394423693449,30.701168840189027,2025-06-27T13:35:25.007884,"glutenfree,dessert,lowcal"
u819,29.518769759153216,30.596010256350365,2025-12-24T13:35:25.007900,lowcal
u820,29.93982578287655,30.801587846217476,2025-10-11T13:35:25.007912,"kidfriendly,vegetarian"
u821,29.812968331752735,30.89411308575783,2025-10-16T13:35:25.007923,"glutenfree,seafood"
u822,29.74153047819533,30.790108344017202,2025-07-26T13:35:25.007936,"halal,spicy,lowcal"
u823,29.857285198095415,30.743828291866947,2025-05-25T13:35:25.007948,"kidfriendly,vegetarian"
u824,30.168696783254003,31.51428000036527,2025-09-10T13:35:25.007959,spicy
u825,29.59439938673638,30.673861527265448,2025-11-02T13:35:25.007971,"lowcal,vegetarian,vegan"
u826,30.173573151786226,30.72549772162162,2025-08-29T13:35:25.007983,"seafood,glutenfree,kidfriendly"
u827,29.89678687304841,30.620663438924062,2026-04-02T13:35:25.007995,"glutenfree,kidfriendly"
u828,30.19442705737037,31.528524804805595,2025-04-20T13:35:25.008006,halal
u829,29.876454699960433,30.514664462779095,2025-08-14T13:35:25.008019,"vegetarian,halal,glutenfree"
u830,29.876415024912202,31.317995646560316,2026-03-02T13:35:25.008030,"vegan,glutenfree,lowcal"
u831,30.14172260602064,30.50117351998239,2025-09-26T13:35:25.008054,seafood
u832,30.28511187390246,30.93179251217676,2026-02-08T13:35:25.008064,"halal,glutenfree"
u833,30.40622133467145,30.434285551623894,2025-05-09T13:35:25.008080,glutenfree
u834,29.960632172003223,31.445077927773454,2025-11-25T13:35:25.008090,"dessert,kidfriendly"
u835,30.047145082149235,31.108997111894944,2025-08-23T13:35:25.008105,"kidfriendly,spicy,dessert"
u836,29.977982019242656,30.672554133576522,2026-02-27T13:35:25.008121,"lowcal,seafood,spicy"
u837,29.894644566713037,30.586861046882625,2026-04-08T13:35:25.008132,"seafood,dessert"
u838,30.378455746993065,31.417535786059204,2025-10-19T13:35:25.008142,glutenfree
u839,30.225323956508234,30.99031798494122,2025-08-12T13:35:25.008152,"kidfriendly,vegan"
u840,30.357557731505537,31.116404502670903,2026-04-10T13:35:25.008163,"vegan,lowcal"
u841,30.458594482188413,30.924527639699747,2025-12-07T13:35:25.008174,"dessert,halal,kidfriendly"
u842,30.39411222676955,30.664710911479418,2026-03-04T13:35:25.008186,lowcal
u843,29.741612225608144,31.291512270557384,2025-11-27T13:35:25.008197,"halal,seafood"
u844,29.618888614803172,30.74751435914954,2025-05-22T13:35:25.008207,"halal,vegetarian"
u845,30.24056711753685,30.990395216832663,2025-10-31T13:35:25.008238,"kidfriendly,seafood"
u846,29.459558486667717,31.04196490367172,2026-01-08T13:35:25.008249,spicy
u847,29.723034159466973,31.25823513065353,2026-04-09T13:35:25.008259,seafood
u848,29.580820432436987,30.992295463834893,2025-10-20T13:35:25.008305,vegetarian
u849,30.59755613539872,30.956421360644114,2026-03-28T13:35:25.008330,"seafood,kidfriendly"
u850,29.46724601328227,31.330783492855026,2026-03-08T13:35:25.008343,"vegetarian,spicy"
u851,30.4748387739796,30.70009535983727,2025-09-30T13:35:25.008351,"kidfriendly,spicy,vegetarian"
u852,30.569518203450553,31.257619025548955,2025-09-28T13:35:25.008358,vegetarian
u853,29.639015851564718,31.28238733504113,2026-02-24T13:35:25.008365,"halal,vegan"
u854,30.217730784069424,30.774531238700884,2025-10-30T13:35:25.008371,"halal,kidfriendly,glutenfree"
u855,30.293669494427032,31.059495933540997,2026-02-10T13:35:25.008377,vegan
u856,29.63846835816288,31.46502349125225,2025-05-07T13:35:25.008383,"kidfriendly,seafood"
u857,29.68315900534012,30.920993980686486,2026-04-06T13:35:25.008390,vegetarian
u858,30.101636232015338,30.874969960354065,2025-12-10T13:35:25.008396,seafood
u859,30.097292427272873,31.228901697474157,2025-04-26T13:35:25.008402,vegan
u860,29.50737588329961,30.58923814743685,2026-02-26T13:35:25.008408,"spicy,dessert,lowcal"
u861,29.82662121037759,30.584702122521353,2025-07-13T13:35:25.008415,"dessert,vegan,kidfriendly"
u862,29.985411458307574,30.780087470844467,2025-07-02T13:35:25.008424,spicy
u863,29.63155835886019,31.22709997634085,2025-10-12T13:35:25.008431,"dessert,kidfriendly,glutenfree"
u864,29.982362559795014,30.925000004998072,2025-11-14T13:35:25.008438,"spicy,seafood,vegan"
u865,29.623952074738924,30.817197614821918,2025-08-17T13:35:25.008449,"kidfriendly,halal,seafood"
u866,29.482651900033392,30.586030573690394,2025-11-13T13:35:25.008456,"glutenfree,spicy"
u867,29.944894775754687,31.33110148881101,2025-07-28T13:35:25.008462,"glutenfree,dessert"
u868,30.14368152788427,30.836890236520915,2025-05-31T13:35:25.008468,"spicy,vegan"
u869,30.265204275220707,31.189947300855785,2025-07-12T13:35:25.008474,dessert
u870,30.318880914611828,30.58495781671738,2025-11-20T13:35:25.008480,"halal,kidfriendly"
u871,29.532556960847284,31.027840647031883,2026-03-10T13:35:25.008487,"lowcal,dessert"
u872,29.61436656004333,30.43752850474786,2026-02-18T13:35:25.008492,spicy
u873,29.43818057987999,31.170102001753147,2025-09-27T13:35:25.008498,"halal,vegetarian"
u874,29.839624824113155,31.12714434907894,2026-03-08T13:35:25.008509,"kidfriendly,seafood,vegan"
u875,30.186899234277654,31.514084463326043,2026-03-04T13:35:25.008519,halal
u876,30.069623867364026,31.525892629239834,2025-09-13T13:35:25.008530,"vegan,dessert"
u877,30.03482499755013,31.281160405907524,2025-11-09T13:35:25.008542,"vegan,seafood"
u878,30.55270409452455,30.516543100189196,2025-12-16T13:35:25.008555,halal
u879,30.031430426152436,30.698515634864815,2025-05-28T13:35:25.008563,"lowcal,halal,vegetarian"
u880,30.299033229572846,30.89822152029969,2026-02-18T13:35:25.008569,glutenfree
u881,30.198290825728254,31.45938882324787,2026-01-18T13:35:25.008575,"dessert,kidfriendly,glutenfree"
u882,29.881868608337875,30.805015444673884,2026-01-23T13:35:25.008581,glutenfree
u883,30.06009761087414,31.596220377009995,2025-10-05T13:35:25.008588,"kidfriendly,dessert,spicy"
u884,30.13009604430845,31.075773643365142,2025-12-25T13:35:25.008596,"lowcal,dessert"
u885,29.83201025392102,30.94288416904956,2025-09-22T13:35:25.008603,"glutenfree,seafood"
u886,30.579547765414258,31.114915391948543,2025-07-22T13:35:25.008609,vegan
u887,29.40788259476722,31.581273310380162,2025-12-25T13:35:25.008615,seafood
u888,30.502934499564734,31.01352578600934,2025-06-25T13:35:25.008621,"vegan,seafood"
u889,29.95244376679351,30.587328527615142,2025-11-29T13:35:25.008627,"spicy,vegetarian,vegan"
u890,29.70749260614283,30.760362918006525,2025-06-25T13:35:25.008633,"halal,glutenfree"
u891,30.268296632093417,31.351485033177134,2026-01-15T13:35:25.008640,"halal,vegetarian"
u892,29.444845915414,31.370009406593,2025-09-30T13:35:25.008646,"vegetarian,seafood"
u893,30.506245795824242,30.801267573367927,2025-09-03T13:35:25.008652,vegan
u894,30.297214388723187,31.419373800775126,2026-04-08T13:35:25.008658,"vegetarian,halal"
u895,30.029260021816334,30.7831798482531,2025-06-28T13:35:25.008665,"lowcal,vegan,spicy"
u896,30.00288193253668,30.66495660978434,2026-03-19T13:35:25.008671,dessert
u897,30.11415862955381,31.005675215334442,2025-12-21T13:35:25.008680,"lowcal,kidfriendly,glutenfree"
u898,29.577614880790016,30.803401813649046,2025-08-13T13:35:25.008686,"seafood,lowcal"
u899,29.502094784961884,31.002187738726953,2025-04-21T13:35:25.008693,"vegan,lowcal,spicy"
u900,29.977107002371216,30.637730233262726,2025-09-23T13:35:25.008701,spicy
u901,29.4859727764093,31.33212627855002,2025-10-30T13:35:25.008708,"halal,glutenfree,vegetarian"
u902,29.896298462958995,30.838321173324953,2026-01-06T13:35:25.008715,"vegetarian,glutenfree,dessert"
u903,30.323617550475767,30.603106316813694,2025-10-16T13:35:25.008722,"dessert,vegan"
u904,29.45385306111765,31.38180630415818,2026-01-01T13:35:25.008728,"kidfriendly,spicy,halal"
u905,30.274184103483833,30.50297732751702,2026-03-17T13:35:25.008738,"dessert,spicy,lowcal"
u906,30.442502821973964,31.384160747715995,2026-04-06T13:35:25.008749,spicy
u907,29.940073884766015,30.427297738181444,2025-12-27T13:35:25.008760,"vegetarian,seafood"
u908,30.055709056764236,31.30042617850296,2025-07-07T13:35:25.008772,"glutenfree,halal,vegetarian"
u909,29.851928003874466,31.487248343201234,2025-07-18T13:35:25.008784,"spicy,vegan"
u910,29.604383576453717,30.740816249257588,2025-04-22T13:35:25.008794,seafood
u911,30.185709446178464,30.410001010298114,2025-09-27T13:35:25.008806,"seafood,vegan,halal"
u912,29.529469719699726,30.7509946930475,2025-05-16T13:35:25.008816,"seafood,dessert,lowcal"
u913,30.01024839857172,31.251626558002265,2025-11-03T13:35:25.008871,"halal,lowcal"
u914,29.62370086490102,31.000780987442656,2025-08-22T13:35:25.008891,"glutenfree,vegetarian"
u915,30.506724138820903,30.76591302752706,2025-08-06T13:35:25.008905,"vegan,glutenfree,vegetarian"
u916,29.816135883489054,30.822295698720616,2025-05-28T13:35:25.008916,"spicy,vegan"
u917,30.374271432119695,31.150950836458914,2025-09-27T13:35:25.008927,"halal,seafood"
u918,30.53893970203573,30.670699237153304,2025-10-21T13:35:25.008943,glutenfree
u919,30.27586759670562,31.02486141288822,2025-05-01T13:35:25.008954,"spicy,vegetarian"
u920,30.087478263551734,30.911757996414934,2025-11-05T13:35:25.008964,"halal,lowcal,vegetarian"
u921,29.558126558721874,31.182967175292163,2025-06-20T13:35:25.008978,"dessert,kidfriendly,seafood"
u922,30.22623850737634,31.478371803675344,2026-02-03T13:35:25.009027,"halal,spicy,kidfriendly"
u923,29.780995453010327,31.06880835771228,2026-02-12T13:35:25.009057,"spicy,glutenfree"
u924,30.40742701184426,30.57462739700448,2026-03-29T13:35:25.009075,dessert
u925,29.76401772597138,31.294731675986366,2025-05-22T13:35:25.009107,"lowcal,glutenfree"
u926,29.62552032268141,30.5578550563879,2026-03-31T13:35:25.009184,"seafood,spicy,lowcal"
u927,29.678619041123202,31.224853462214032,2025-10-12T13:35:25.009198,"seafood,halal,glutenfree"
u928,29.560903953036586,31.41536588315408,2025-08-16T13:35:25.009214,kidfriendly
u929,29.86495234511595,30.968616305030995,2026-01-20T13:35:25.009226,"dessert,spicy,lowcal"
u930,29.438675463872453,31.31744662495388,2026-04-06T13:35:25.009237,halal
u931,30.29083999399548,31.585892100955547,2025-12-30T13:35:25.009248,"lowcal,halal"
u932,30.51252384741335,31.582753167503643,2025-06-02T13:35:25.009259,spicy
u933,30.465104299009894,30.913066819949748,2026-03-23T13:35:25.009270,"dessert,kidfriendly"
u934,30.133805849604062,31.290961425649535,2025-06-13T13:35:25.009282,"lowcal,dessert,halal"
u935,29.53117955134758,30.94828050875971,2026-03-23T13:35:25.009293,"glutenfree,vegan,seafood"
u936,30.045442972143988,31.58059677244875,2026-03-24T13:35:25.009347,glutenfree
u937,29.749415234680956,30.87764786974547,2025-11-09T13:35:25.009362,"lowcal,vegan,vegetarian"
u938,29.90695461894053,31.13576113509267,2026-03-17T13:35:25.009374,"kidfriendly,spicy"
u939,30.395872205311967,30.942037705395585,2025-07-31T13:35:25.009387,"glutenfree,spicy,halal"
u940,30.334477370251246,31.525410949239088,2025-04-22T13:35:25.009398,spicy
u941,29.788153118946127,30.429894535352695,2025-08-24T13:35:25.009410,"spicy,lowcal,halal"
u942,29.700098752892686,31.230060913997082,2025-04-14T13:35:25.009423,"halal,kidfriendly,vegan"
u943,29.509429488606735,31.24747205182372,2025-05-24T13:35:25.009435,vegetarian
u944,30.272248603025673,31.57022971074283,2025-06-04T13:35:25.009446,"vegetarian,lowcal"
u945,30.06041506273097,30.452687300159873,2026-01-16T13:35:25.009457,lowcal
u946,30.442582244973845,30.614640117607923,2025-04-14T13:35:25.009467,"spicy,glutenfree"
u947,29.769674646641477,31.2761940965232,2025-08-28T13:35:25.009477,lowcal
u948,30.478250296100118,31.552520655419098,2026-04-12T13:35:25.009493,"spicy,vegetarian"
u949,29.997153128880957,30.998370688052486,2026-04-11T13:35:25.009504,"seafood,vegan,halal"
u950,30.106634792621172,30.970854387763783,2025-09-16T13:35:25.009515,"kidfriendly,halal,vegetarian"
u951,29.69365580572636,31.056809931499775,2025-05-31T13:35:25.009526,"vegetarian,vegan"
u952,29.62180798484316,30.466076725601646,2025-10-17T13:35:25.009537,"glutenfree,halal,vegan"
u953,30.424595144681025,31.200395851535433,2025-06-09T13:35:25.009548,spicy
u954,29.458837635298558,30.90034830862643,2026-01-12T13:35:25.009559,"dessert,vegetarian"
u955,30.133307707258385,31.2298163416968,2025-06-13T13:35:25.009570,seafood
u956,30.299201770832834,30.83222637711298,2026-03-26T13:35:25.009582,"glutenfree,spicy,halal"
u957,29.787386221008624,31.477035731484943,2026-03-10T13:35:25.009593,seafood
u958,29.751399256028087,30.56145494689366,2025-04-23T13:35:25.009608,"glutenfree,vegetarian"
u959,30.02957545110445,31.234995396814206,2025-06-04T13:35:25.009621,"dessert,lowcal"
u960,30.0856404906189,31.575219934841797,2025-07-17T13:35:25.009635,vegetarian
u961,30.268888965445647,31.12573362529777,2025-04-17T13:35:25.009652,kidfriendly
u962,29.7115920471435,31.090171226814608,2025-05-29T13:35:25.009665,"lowcal,dessert"
u963,30.02364696022139,31.158229128996204,2025-08-04T13:35:25.009677,"spicy,kidfriendly"
u964,30.250304481004072,31.575109191479285,2026-04-13T13:35:25.009689,halal
u965,29.957862761248297,31.356079063873818,2025-12-28T13:35:25.009701,vegan
u966,29.80055070832059,31.07249860590139,2025-05-22T13:35:25.009712,"lowcal,glutenfree,vegan"
u967,30.168741973053102,31.228020473852396,2025-12-04T13:35:25.009723,vegan
u968,29.760340793490617,31.059992319261347,2026-04-10T13:35:25.009734,seafood
u969,29.809633902276005,31.269275971373215,2025-06-02T13:35:25.009748,dessert
u970,29.632818695877624,31.4005903602058,2025-05-04T13:35:25.009760,spicy
u971,30.17478266479749,30.977794627744434,2025-05-27T13:35:25.009770,"kidfriendly,vegan"
u972,29.95496409044256,31.3769999481495,2026-03-16T13:35:25.009781,"glutenfree,dessert"
u973,30.043062570858464,30.649914964235403,2025-04-28T13:35:25.009792,"seafood,dessert,glutenfree"
u974,30.563535950922713,30.736552034384662,2026-03-29T13:35:25.009817,"dessert,vegetarian"
u975,30.085177969387374,30.86747952867191,2025-06-13T13:35:25.009829,"lowcal,spicy"
u976,30.246319420854622,30.777399278073073,2026-03-28T13:35:25.009840,seafood
u977,29.996465321276027,30.685170695527646,2025-08-25T13:35:25.009851,"lowcal,vegetarian"
u978,29.61001529495923,30.849058828815316,2026-03-25T13:35:25.009916,"halal,seafood"
u979,29.93252891158457,30.429921729555954,2025-08-09T13:35:25.009940,vegetarian
u980,30.508364121468116,31.278929280107132,2025-07-19T13:35:25.009955,"spicy,halal,glutenfree"
u981,30.323377676652065,30.51790187795882,2025-07-23T13:35:25.009968,"dessert,spicy"
u982,29.44386304431589,30.865105858865476,2025-07-20T13:35:25.009981,"spicy,halal,dessert"
u983,29.773177581420576,30.452835956398122,2025-06-13T13:35:25.009992,vegan
u984,29.960251082979315,30.45536772402915,2025-07-21T13:35:25.010003,dessert
u985,30.310192584801996,31.166621022452137,2025-12-27T13:35:25.010021,"seafood,vegan,glutenfree"
u986,29.743880852550117,31.03873096691802,2025-08-31T13:35:25.010031,"halal,glutenfree"
u987,29.58899521774325,30.537352472680123,2025-05-30T13:35:25.010042,"vegetarian,seafood,glutenfree"
u988,30.051034456643325,31.059238788352772,2025-11-26T13:35:25.010052,"glutenfree,vegetarian,kidfriendly"
u989,30.08889953116916,30.60552997056761,2025-11-05T13:35:25.010062,seafood
u990,29.556088802477653,30.964882694810264,2025-05-03T13:35:25.010073,"dessert,kidfriendly,vegan"
u991,29.860319567207693,30.503343496559253,2025-09-25T13:35:25.010083,vegetarian
u992,30.13957840522192,30.774928781381238,2026-01-02T13:35:25.010096,kidfriendly
u993,30.31731394051637,31.08134716270979,2026-02-25T13:35:25.010106,"glutenfree,vegetarian,lowcal"
u994,29.77247002140711,31.173302331956172,2025-08-18T13:35:25.010117,"kidfriendly,vegetarian,halal"
u995,29.572466020534304,31.474841033967813,2025-12-02T13:35:25.010128,"halal,glutenfree"
u996,30.239537545298916,31.198216742250274,2025-10-29T13:35:25.010138,"lowcal,spicy"
u997,29.478438238579045,30.53546446876026,2025-08-11T13:35:25.010148,"kidfriendly,vegan"
u998,30.32152981771781,31.125328277719124,2026-02-07T13:35:25.010159,"spicy,seafood"
u999,30.25712770339928,30.52837755375388,2025-07-03T13:35:25.010170,"vegetarian,lowcal,kidfriendly"
u1000,29.953169823296218,31.108643148065585,2025-12-12T13:35:25.010181,"vegetarian,seafood,kidfriendly"
